ID,Trial_no,Trial_quad,Str_Code,Blink_s0,Blink_s1,Blink_s2,Velo_s0,Velo_s1,Velo_s2,Velo_s3,Velo_s4,Velo_s5,Joy,Happiness,Calmness,Relaxation,Anger,Disgust,Fear,Anxiousness,Sadness
112,8,0,RPW,0.0405794704724735,0.0458185185797681,0.2268765813888107,0.3760273859332881,0.0960426003406704,0.0546660272205592,0.033134333294746,0.0287287701136119,0.0981263126560717,-0.04,-0.21,-0.4,-0.3,-0.19,0.01,-0.08,0.21,-0.28
112,0,1,BNS,0.0404417276013125,0.0231607175575062,0.0458633842463814,0.4118515804143001,0.1550765916573668,0.0903331834257763,0.0559321751586521,0.0384596165697819,0.1388810233689225,0.37,0.18,-0.28,0.15,-0.19,0.37,-0.1,-0.01,-0.29
123,1,0,BRZ,0.0094333856278396,0.0040748965994987,0.0,0.8793728734133371,0.0545832399502862,0.0207514109329475,0.0105539821927018,0.006682830423178,0.0145473808602106,0.05,0.29,-0.29,-0.08,0.0,0.0,-0.08,-0.04,0.0
113,9,1,RST,0.0166810016616262,0.0356216917760288,0.0412200467968222,0.6330087150603765,0.118212842305807,0.0535419768728748,0.0279671127470474,0.0163079835132144,0.0574386292662024,0.38,0.12,-0.12,0.09,0.0,0.03,0.0,-0.01,0.05
121,11,3,ZMZ,0.0193056080404675,0.0520959711476627,0.4581170402487453,0.393895397017973,0.0199553160033678,0.0136703859132706,0.0091224301729681,0.0043225468552145,0.0295153046003301,-0.21,-0.07,-0.53,-0.12,-0.07,0.79,0.48,0.14,0.18
122,8,0,RPW,0.0109201427357239,0.0237815706882467,0.0171110897984965,0.6972355701657202,0.1152204036682684,0.046789272993647,0.0302734665665708,0.0167869910740565,0.0418814923092695,-0.3,-0.29,-0.87,-0.91,-0.01,-0.02,0.76,0.53,-0.02
134,7,2,RFS,0.0031783886727546,0.0093850396976884,0.0,0.8162496729390873,0.0914826904352376,0.0332508353457409,0.0152356768766862,0.0089561073531871,0.0222615886796175,-0.74,-0.7,-0.81,-0.73,0.75,0.94,0.2,0.13,0.85
119,4,1,JNG,0.0171845712073484,0.0323081079425027,0.0693092470818258,0.4741716173271725,0.142818548196177,0.0809875140303529,0.054684257874405,0.0327258852003798,0.0958102511398356,-0.61,-0.56,-0.79,-0.91,0.0,0.0,0.0,0.0,-0.01
120,11,3,ZMZ,0.0246846440556565,0.0325635685957209,0.1133822339536549,0.5310713480388906,0.1137801594354763,0.0623283946359645,0.0336247032139114,0.0202941995728933,0.0682707484978313,-0.34,-0.01,0.65,-0.44,-0.01,0.13,0.01,0.0,0.0
131,2,0,DST,0.0263317050476855,0.0272289236699564,0.0058618283321702,0.7231050410394444,0.1216229687967301,0.0428538198252085,0.0158043398797062,0.0084272089854783,0.0287641644236201,0.53,0.51,-0.31,-0.1,-0.76,-0.01,-0.02,-0.05,-0.56
115,0,1,BNS,0.0398167175784504,0.0315801166342682,0.6458039433490697,0.2429325187447931,0.0084309913912802,0.0012496528742016,0.000871980005554,0.000266592613163,0.0290474868092196,-0.46,-0.41,-0.13,-0.37,-0.01,-0.01,0.0,-0.02,-0.03
125,4,1,JNG,0.0075918868128787,0.0180761853475196,0.0294903859232261,0.73955803282693,0.0890207715133531,0.0412099274676407,0.0262926332327558,0.0142844056815626,0.034475771194133,0.3,-0.07,0.26,0.22,-0.01,0.0,-0.01,-0.15,0.0
110,11,3,ZMZ,0.0113811971480683,0.0013331122533576,0.0,0.5310164151881943,0.2061747637207759,0.0889935334107113,0.0467186204609517,0.0356557784778643,0.0787265793400762,-0.05,-0.54,-0.67,0.13,0.09,0.4,-0.03,-0.55,-0.08
116,2,0,DST,0.0189689297432287,0.0107862541677182,0.1351602662026275,0.5513741847212444,0.1478195029290259,0.0609848434531953,0.0284268274863511,0.0103213294191097,0.0361578618774989,0.4,0.21,-0.64,-0.67,0.0,0.0,0.01,0.0,0.0
117,0,1,BNS,0.0046080390850544,0.0091022651565622,0.0032450588496557,0.5739673550966022,0.1663779702420608,0.0821063735287586,0.0506606706640017,0.0296746613368865,0.0802576060404175,0.34,0.32,-0.55,-0.38,-0.01,0.0,0.0,0.0,0.0
133,3,3,EXR,0.0028055930322271,0.0091016738663134,0.0017699991335668,0.55281735176773,0.1682118057704447,0.0824266729379922,0.0462510263106864,0.0369183036064248,0.0996975735746143,-0.16,-0.54,-0.11,-0.38,0.0,0.0,0.01,-0.22,-0.04
114,7,2,RFS,0.0054425690646955,0.0256639719137621,0.0314550374956437,0.740576611151028,0.0808511919871615,0.0457950238139286,0.0244205707598514,0.0137591587896414,0.0320358650242871,-0.34,-0.44,-0.13,-0.45,0.12,0.01,0.0,0.23,0.22
133,6,2,BOT,0.0069887502368824,0.010040944773368,0.0025698157198068,0.6754222250297179,0.1258664155234097,0.0601308165409993,0.0372982192182017,0.0237628993263924,0.0579199136312214,-0.28,-0.6,-0.03,-0.03,0.01,0.0,0.0,-0.21,0.58
104,0,1,BNS,0.0391167647638314,0.0243009016059074,0.0087524316164248,0.429218802465333,0.1861709360439786,0.0979306632034343,0.05926900268345,0.0411425336541263,0.1140979639635139,-0.06,-0.1,-0.05,-0.11,0.0,0.0,0.0,-0.04,0.0
133,10,3,TNT,0.0539123596487395,0.0522708974366976,0.0604282780874156,0.5273649850520836,0.1116069478164807,0.0600288348114814,0.0292217721550588,0.0171261304556774,0.0880397945363649,0.43,-0.59,-0.59,-0.28,0.01,0.0,0.17,0.19,-0.05
119,7,2,RFS,0.0059014370020528,0.0217243167490239,0.0084642978061397,0.7151753073932963,0.1092172988818555,0.0443657776653966,0.0254486077837254,0.0146400209143155,0.055062935804194,-0.61,-0.56,-0.33,-0.42,0.0,0.0,0.0,-0.09,0.02
132,9,1,RST,0.0105554337792404,0.006014034806072,0.0,0.8561725669864066,0.0704704098990765,0.0253836725747046,0.0108487260310766,0.0054397994498454,0.0151153564735774,0.12,0.38,0.1,0.34,0.0,0.0,-0.02,-0.21,-0.13
124,10,3,TNT,0.0068012354537796,0.0032071880947181,0.0068199544504414,0.770960596512027,0.0892646554144697,0.0400586528562069,0.0238480017471063,0.0174461048887779,0.0415936105824727,-0.47,-0.52,-0.79,-0.64,0.0,0.0,0.86,0.16,-0.01
105,11,3,ZMZ,0.0193562937805136,0.0068722139673105,0.1183533220123116,0.7622187433665888,0.0376645085969008,0.0164243260454256,0.0089020377839099,0.0046433878157503,0.0255651666312884,-0.06,-0.56,0.01,-0.12,-0.01,0.58,0.08,0.11,-0.03
110,3,3,EXR,0.0112651538700652,0.0187669671536628,0.6439830069422857,0.1717293544710392,0.0616143404828515,0.029360688011605,0.0167443788208475,0.0109584499015646,0.0355776603460781,-0.61,-0.59,-0.84,0.08,0.35,0.35,0.65,-0.17,0.5
113,11,3,ZMZ,0.0048661800486618,0.0204856898506334,0.0099909173478655,0.6421103575382698,0.1419015228359089,0.0592029807010216,0.0328434004919217,0.0241187507044027,0.0644802004813142,-0.1,-0.3,-0.54,-0.28,0.0,0.29,0.0,-0.02,0.0
101,6,2,BOT,0.0062383246626168,0.0186030629198458,0.0110017188392239,0.7474224585426883,0.1015865546025578,0.0428131572981798,0.0243966128250083,0.0132571572867018,0.034680953023177,-0.67,-0.63,-0.69,-0.55,0.73,0.42,0.07,0.21,0.83
133,1,0,BRZ,0.0058753205881451,0.0251157182707143,0.0023092564398622,0.6940950473601929,0.1221351425914761,0.051151051937834,0.0323295901580716,0.0202213207720682,0.0467675518816352,0.71,0.17,-0.07,-0.15,0.0,0.0,0.0,-0.22,-0.05
129,5,2,PRS,0.0106825563761236,0.0054008355461555,0.0,0.7242523372631505,0.128446337367739,0.0563557869415408,0.0316205992922842,0.0163681051463367,0.0268734420666693,-0.21,-0.28,0.06,0.14,0.46,0.24,0.0,-0.04,0.2
101,10,3,TNT,0.0080728175630571,0.0423604569189786,0.0208932504008334,0.701935854165237,0.1150282922933914,0.0505954794717108,0.0200759867990093,0.0124773068980791,0.0285605554897031,-0.67,-0.74,-0.37,-0.62,-0.1,0.0,0.58,0.25,-0.16
116,0,1,BNS,0.011330233849143,0.0044188467143154,0.0084685309832766,0.4460370550274096,0.2564096870446187,0.127524807438762,0.0617306224411907,0.0288446325723405,0.0552355839289431,0.24,0.09,-0.73,-0.53,0.0,0.24,0.01,0.07,0.0
109,7,2,RFS,0.0075428679183827,0.0085842979775685,0.010191443130633,0.8393583419404885,0.0754972507103581,0.0246514637878054,0.0111857302653289,0.0057685796693995,0.0172200246000351,-0.42,-0.44,-0.05,-0.19,0.69,0.46,0.06,-0.04,0.79
107,9,1,RST,0.0066795071239844,0.0075129021902857,0.0012408326542706,0.6215583870410154,0.1723090599303652,0.0801787786749635,0.0415092475985875,0.026971133664222,0.0420401511223053,0.18,0.34,0.2,0.19,0.01,0.0,0.01,0.0,-0.09
117,2,0,DST,0.006843762873583,0.0039866579846115,0.0,0.8358825796334932,0.0854872360500192,0.0312022431595593,0.0139267252262428,0.0060198535567633,0.0166509415157273,0.43,0.43,0.0,-0.09,-0.01,0.0,0.0,0.0,0.0
124,8,0,RPW,0.006324382611917,0.0,0.015149410231475,0.7882059525935923,0.0906119964805736,0.0412407962371246,0.0236370492388909,0.0131978486514378,0.0216325639549883,-0.01,-0.01,-0.77,-0.63,0.0,0.0,0.67,0.07,0.0
117,4,1,JNG,0.0062122490673298,0.008335739030023,0.0035835627997868,0.6751587759815243,0.1188155089713981,0.0627664771717889,0.0395274471486942,0.0243826612186889,0.0612175786107656,0.01,0.0,-0.93,-0.82,-0.01,0.0,0.0,0.0,0.0
129,11,3,ZMZ,0.0235543907374846,0.0094814716517931,0.0033042497428922,0.6748100719901802,0.1492353116809873,0.0583750787910957,0.0286235610257771,0.01705205188601,0.0355638124937796,0.28,-0.03,-0.65,-0.58,0.0,0.18,0.01,0.41,0.01
114,1,0,BRZ,0.0113839615574727,0.0129891307117269,0.0,0.8815283248658538,0.0608639377092452,0.0172135282637165,0.0061251216616303,0.0029555495538648,0.0069404456764896,-0.06,-0.22,-0.12,-0.38,0.0,0.0,0.01,-0.31,-0.38
126,10,3,TNT,0.018524295590107,0.0131585514986648,0.0245451595996905,0.5849160198657316,0.1275799246300132,0.0661234370710524,0.0469440215628041,0.0319573735306596,0.0862512166512765,-0.04,-0.19,-0.78,-0.46,0.01,-0.01,0.32,0.09,-0.01
108,5,2,PRS,0.0514527598658006,0.0482780274794601,0.5750742805975009,0.2028281865068059,0.0360151875476064,0.0132687533070129,0.0124198321927167,0.0075123704087031,0.053150602094393,-0.61,-0.71,-0.14,-0.37,0.0,-0.01,-0.03,-0.04,0.39
125,6,2,BOT,0.008685690002699,0.0100064891436053,0.0045366579187651,0.7195656293607906,0.1156847769285103,0.0519246340524988,0.0288967881610456,0.0183131672189138,0.0423861672131712,-0.23,-0.53,-0.18,-0.01,0.25,0.62,-0.01,0.07,0.74
113,3,3,EXR,0.0057682309933075,0.0089824312392206,0.7295079261600416,0.1881070464841848,0.0253175002681938,0.0069482839719097,0.0062220975235391,0.0020382733266766,0.0271082100329259,0.03,0.12,-0.81,-0.65,0.0,0.04,0.76,0.21,0.0
125,1,0,BRZ,0.0058481021685863,0.00129901224128,0.0,0.8310621844801149,0.0855819829549217,0.0352006846558636,0.0156492768831856,0.0082117950311508,0.0171469615848968,0.1,-0.04,0.34,-0.01,-0.01,0.0,-0.01,-0.15,0.0
108,8,0,RPW,0.0332303039146757,0.0246143029595532,0.6940490561532441,0.1517915179815077,0.0193279651910908,0.0123701630341058,0.0100553175119058,0.0077139408089357,0.0468474324449809,-0.12,-0.3,0.17,0.03,0.0,-0.01,-0.03,-0.01,0.0
106,9,1,RST,0.0115539115641007,0.022431632152109,0.0039583416956646,0.4897722255328477,0.2250388269475998,0.1008172956683638,0.0550030413155774,0.0320928265091563,0.0593318986145804,-0.75,-1.0,-0.17,-0.99,0.0,0.55,0.01,0.0,0.55
111,3,3,EXR,0.0425003609065973,0.0302955309451628,0.0658706098290334,0.5356018890882468,0.1280785332755882,0.0523005217678236,0.0327002000453711,0.0198560498257336,0.0927963043164429,-0.5,-0.32,-0.24,-0.18,0.0,0.0,0.61,0.45,0.0
109,0,1,BNS,0.0071523531713761,0.0094865126657988,0.0035359324564738,0.7272141903575067,0.1196055520245572,0.0511849814460687,0.0298084101903686,0.0157756986519604,0.0362363690358894,0.13,0.13,-0.07,-0.07,0.13,-0.02,-0.05,-0.13,-0.09
112,11,3,ZMZ,0.0015385431587882,0.0,0.0,0.6546766406705926,0.139516685235291,0.0673510531062655,0.0513555095761048,0.0307841264788582,0.0547774417740994,-0.47,-0.38,-0.53,-0.04,-0.12,0.25,-0.04,0.03,0.17
126,3,3,EXR,0.0115798419168,0.007924786719691,0.0082671903103909,0.700656754839029,0.1144205541162687,0.0519133347634527,0.031897163413145,0.0178544908499859,0.0554858830712364,0.04,-0.23,-0.83,-0.5,0.0,0.67,0.78,0.18,0.11
109,1,0,BRZ,0.0038509342081134,0.0049919517512581,0.0,0.816428615089957,0.0926567370973328,0.0337720817457568,0.0202224984209132,0.0128670103302838,0.0152101713563846,-0.42,-0.44,-0.63,-0.66,0.51,0.56,-0.05,-0.13,-0.09
125,5,2,PRS,0.0069406716385388,0.0079546081817996,0.0031493043349418,0.7059032024706351,0.128360299009596,0.0589710141980168,0.0313129170867191,0.019569846863624,0.0378381362161282,-0.24,-0.53,0.34,0.5,0.12,0.56,-0.01,0.13,0.59
106,8,0,RPW,0.0092867584318342,0.018037742338755,0.0051659247402155,0.6646712924072151,0.1190147040341837,0.0739104264368348,0.0400772573635924,0.02405032311834,0.045785571129029,-0.12,-0.38,-0.75,-0.9,0.01,0.0,0.54,0.53,0.0
102,11,3,ZMZ,0.0219811187825841,0.0387353475982474,0.7016110093466723,0.1545522252863383,0.0302341029408804,0.0075954293229198,0.0037171977428423,0.0025094439635795,0.0390641250159356,-0.01,-0.51,-0.52,-0.51,0.0,0.84,0.84,0.76,0.8
104,1,0,BRZ,0.0297750948778686,0.0175645042153791,0.0077328646748681,0.6592598252718983,0.1019434043962201,0.0575023560276101,0.0378390769465882,0.0201421257736685,0.0682407478158987,-0.12,-0.17,0.03,-0.05,0.0,0.0,0.01,-0.03,0.0
113,0,1,BNS,0.0127887250424115,0.0178087022192852,0.0253358914485466,0.5355549323774645,0.173816709749251,0.089287846268752,0.047995202145707,0.0289481648484983,0.0684638259000835,0.16,0.07,-0.21,-0.09,0.0,0.1,0.0,-0.01,0.0
111,2,0,DST,0.0123300874073581,0.0027917179035527,0.0,0.707261790022932,0.1482402206786533,0.0585729003954933,0.0252584000797633,0.0127887267772275,0.0327561567350194,-0.4,-0.36,0.25,0.42,0.0,0.0,0.0,-0.23,0.0
106,7,2,RFS,0.0116066759817242,0.0294752993819487,0.0044017932914441,0.7982804289498273,0.0902303333704792,0.0254421080603821,0.0115295267322149,0.0078435070334399,0.0211903271985393,-0.76,-1.0,-0.66,-0.86,0.8,0.88,0.0,0.18,0.99
134,10,3,TNT,0.0078241713721418,0.0165725571620287,0.0149520168131061,0.5613273238295394,0.1455067986731825,0.07852024409389,0.0450332970399817,0.0316638391613703,0.098599751854759,-0.49,-0.15,-0.76,-0.59,0.0,0.0,0.74,0.61,-0.09
117,10,3,TNT,0.0117397745813251,0.0137589157899343,0.0037507267032987,0.5887890778838399,0.1520294557070432,0.0842413217560902,0.0598115884952709,0.0315311091523982,0.054348029930799,0.0,0.01,-0.99,-0.86,-0.01,0.0,0.54,0.4,0.0
124,1,0,BRZ,0.0081483820368918,0.006661302315159,0.0,0.9163670438688518,0.0381038715000152,0.0114994041495635,0.0059381334093848,0.0036158445288707,0.0096660181912628,0.35,0.38,-0.79,-0.56,0.0,0.0,0.07,-0.22,-0.01
127,4,1,JNG,0.0103639457954252,0.009719843083253,0.0072544844263182,0.7150539574836684,0.1145503357940648,0.0553983858563928,0.0282572301917593,0.0168466174890544,0.0425551998800636,-0.05,-0.3,-0.02,-0.46,-0.01,-0.01,0.0,0.06,0.06
134,6,2,BOT,0.0087948247495499,0.0087517550886804,0.0013150603118817,0.7250289284555507,0.1302656249551357,0.051482601292664,0.023935246200538,0.014867646932148,0.0355583120138512,-0.74,-0.69,-0.84,-0.68,0.97,0.94,0.55,0.0,0.75
111,5,2,PRS,0.0052006461584947,0.0020105291294292,0.0,0.6650725766151057,0.1760840006043209,0.0735818796704126,0.0354399339895638,0.0166420677071832,0.0259683661254895,-0.5,-0.27,0.42,0.3,0.0,0.0,0.0,-0.23,0.13
113,2,0,DST,0.0042135484857144,0.0165418330929705,0.0055161596895,0.8206716422870131,0.0790738168502063,0.0321133537586314,0.0165883549216771,0.0086796440415506,0.0166016468727362,0.21,0.02,-0.19,-0.18,0.0,0.0,0.0,-0.02,0.0
120,6,2,BOT,0.0249361880507279,0.036067748335434,0.0580092968770188,0.6086611980280744,0.1136814541946487,0.0544318080674382,0.0315140587270915,0.0190244308605784,0.0536738168589878,-0.34,0.0,0.01,-0.58,0.28,0.01,0.0,-0.01,0.36
108,2,0,DST,0.0468545368726856,0.0386377083291783,0.1293219786867699,0.5804298544770414,0.082487385572685,0.0422674723945141,0.0163272903744773,0.017444140856119,0.0462296324365289,0.22,-0.01,0.04,0.0,0.0,-0.01,-0.03,-0.04,0.0
128,11,3,ZMZ,0.0101542032830376,0.012807162991212,0.0044238103133808,0.4289570552147239,0.1886917592439065,0.1161863704194992,0.0707146410213894,0.0477002155529762,0.1203647819598739,0.03,0.17,-0.1,-0.09,0.0,0.23,0.14,0.07,0.0
117,1,0,BRZ,0.0038711714878032,0.008771259607891,0.0020323650310967,0.8160735115090947,0.0708628128135776,0.0353295334728992,0.0211590083688615,0.0113995813022417,0.0305007564065341,0.01,0.0,0.01,0.14,-0.01,0.0,0.0,0.0,0.0
129,0,1,BNS,0.0064966434009095,0.0042089364939225,0.0074128367010377,0.697195337964274,0.1196881611167563,0.0569705652079758,0.0355871688516488,0.0222162993564436,0.0502240509070313,0.47,0.53,-0.11,0.07,0.0,0.0,0.0,-0.03,0.0
120,3,3,EXR,0.0132107154497708,0.0202740336415283,0.0125382149443639,0.792799706245178,0.0701958503005623,0.0338478168488194,0.0203070398013029,0.0113293643426204,0.0254972584258537,-0.34,-0.01,0.06,-0.68,-0.01,0.25,0.37,-0.01,0.0
122,4,1,JNG,0.0124840339867829,0.0254262231354473,0.1601293941245071,0.7077803076581329,0.0478869328594435,0.0145387904703726,0.0074415505081357,0.0046704059532404,0.0196423613039373,-0.83,-0.44,-0.43,-0.43,-0.02,-0.02,-0.02,-0.25,-0.02
126,2,0,DST,0.0025523429710867,0.0,0.0,0.7742771684945164,0.0979727484214024,0.04473246925889,0.0211498836822864,0.0110468594217347,0.048268527750083,0.23,0.18,-0.24,-0.07,0.0,-0.01,-0.01,0.01,0.0
116,3,3,EXR,0.0156970842377175,0.0135595738183858,0.0299829164225173,0.6729774117142173,0.1585966707656248,0.0496579158035471,0.0210862514339476,0.0112900164233426,0.0271521593806996,-0.42,-0.46,-0.8,-0.64,0.0,0.13,0.36,0.09,0.01
133,2,0,DST,0.0110919513445495,0.0112051345215347,0.116392252944427,0.4391773580383358,0.1951943754618872,0.0809059980425968,0.0416780404663146,0.0262451813926857,0.0781097077876683,0.67,0.23,0.0,-0.05,0.0,0.0,0.0,-0.22,-0.05
124,7,2,RFS,0.0027091674454094,0.0,0.0,0.8175770097992987,0.093234797369707,0.0394029543642458,0.0181754271654049,0.0117540144546085,0.0171466294013254,-0.51,-0.52,-0.55,-0.35,0.57,0.6,0.1,-0.22,0.81
127,7,2,RFS,0.0109207176471596,0.0144823802707035,0.0071276112430245,0.8367978467156413,0.067041548444612,0.024095869157116,0.0126608319975312,0.0071490412227089,0.0197241533015026,-0.14,-0.53,-0.37,-0.77,0.11,0.53,-0.01,0.26,0.85
128,0,1,BNS,0.0196933082149783,0.0191911260810094,0.0133397331498472,0.5049066801321765,0.172023738510156,0.0852488853498766,0.0553621121614085,0.0342316197177237,0.0960027966828234,0.28,0.39,0.04,0.32,0.0,0.0,-0.1,-0.06,0.0
111,9,1,RST,0.0100478306381638,0.0042241648165359,0.0025474678169899,0.5558111600705262,0.2124186740198424,0.088052839114284,0.0416179045301697,0.0264072057829063,0.0588727532105814,0.07,-0.22,0.44,0.54,0.0,0.0,0.0,-0.22,0.0
104,2,0,DST,0.016720364034942,0.0102368220015278,0.005693028199422,0.6484737768625237,0.1409373235460192,0.0595077556714385,0.0370943634370744,0.0211379413425449,0.0601986249045072,-0.63,-0.2,0.33,0.16,0.0,0.08,0.01,-0.03,0.0
101,11,3,ZMZ,0.0474216118165327,0.0404449139872824,0.1509690965508534,0.4242098059149108,0.1200789363525823,0.0618600540860193,0.0404382695131593,0.0238669510501591,0.0907103607285001,-0.66,-0.65,-0.51,-0.75,0.59,1.0,0.56,0.43,0.11
123,6,2,BOT,0.0051430491303336,0.0082874594026481,0.0,0.5978686928729572,0.1606147537452941,0.0814043309585138,0.0449234285845559,0.0275559460941829,0.0742023392115139,-0.25,-0.24,-0.58,-0.53,0.01,0.0,-0.08,-0.04,0.24
116,5,2,PRS,0.0060222413312261,0.0105774147067026,0.0023066375383471,0.6400890118062657,0.1813179789904248,0.0752998047782839,0.0354246072324997,0.0193246258250441,0.0296376777912057,-0.5,-0.48,-0.32,-0.47,0.17,0.17,0.0,0.0,0.34
119,5,2,PRS,0.0088318376267088,0.0230633311633962,0.0160798149353668,0.5642785734213708,0.159275318515763,0.0794545708174463,0.0469403887287268,0.033077978238631,0.0689981865525899,-0.43,-0.35,-0.55,-0.6,0.01,0.01,0.0,-0.08,0.2
110,4,1,JNG,0.0217005069096279,0.0260561542604282,0.0090860635941169,0.5842896880257175,0.1436003353487571,0.0705120731104707,0.0448168074132063,0.0300814497726402,0.0698569215650349,0.31,0.18,-0.05,0.94,0.0,0.0,-0.1,-0.57,-0.08
115,11,3,ZMZ,0.0126793814159526,0.0475941006392742,0.1336971802965595,0.5439932093689488,0.1123902490782248,0.0545505185813947,0.0305047879254091,0.0177856176556407,0.0468049550385951,-0.66,-0.42,-0.02,-0.43,0.0,0.19,0.16,-0.01,-0.04
133,5,2,PRS,0.0050706402664047,0.0159122212600759,0.0039083158500369,0.6455142994961324,0.1343007746892235,0.0674264393934991,0.0430408731381015,0.0250597144168908,0.0597667214896349,-0.28,-0.6,-0.08,0.03,0.0,0.0,0.0,-0.22,0.4
122,6,2,BOT,0.0132211469431123,0.0087183757861183,0.009993395169859,0.7769692444648651,0.088263504005973,0.0384113947678258,0.0202854435287022,0.0124343106567498,0.031703184676794,-0.78,-0.71,-0.92,-0.77,0.04,0.2,0.66,-0.19,0.63
110,9,1,RST,0.0267361357610477,0.0152323747380247,0.0118463737071001,0.5374512702905417,0.1716088289128066,0.0850358508677978,0.0472558575965874,0.032483386371423,0.0723499217546708,0.23,0.14,0.15,0.81,0.01,0.0,-0.1,-0.75,-0.08
132,5,2,PRS,0.015381084896617,0.0139228592841332,0.0011619327589512,0.7947910554416215,0.084664230480982,0.033312612199132,0.0180273867551284,0.0095046099682211,0.0292342282152131,-0.14,-0.22,-0.63,-0.53,0.55,-0.01,-0.01,-0.06,0.55
133,9,1,RST,0.0051304530356723,0.0201699038117228,0.006957906824552,0.660371417634929,0.1596182103300529,0.0634916715028337,0.0301529875165149,0.0199908627310556,0.0341165866126662,0.71,0.16,0.01,0.04,0.0,0.0,0.01,-0.21,-0.04
124,11,3,ZMZ,0.010286783042394,0.0106449302276224,0.0,0.774791744044145,0.0733007905767496,0.037711572133496,0.0259988327054703,0.0186634477635697,0.0486018995065527,-0.51,-0.42,-0.12,-0.18,0.0,0.59,0.01,-0.21,0.0
131,11,3,ZMZ,0.047801629209011,0.0510321861649905,0.214218430758617,0.3234669780030249,0.1253615305012338,0.0707007721495475,0.0422161488046275,0.0267996922015549,0.0984026322073924,-0.31,-0.33,-0.94,-0.95,-0.28,0.9,0.01,0.73,0.31
114,8,0,RPW,0.0086068365329294,0.0118901975307009,0.00330981305012,0.6460450875232282,0.1331199534443878,0.0669435314812488,0.0410271331926965,0.0243160491214612,0.0647413981232268,-0.35,-0.44,0.41,-0.25,0.0,0.01,0.01,-0.31,-0.39
121,9,1,RST,0.0242393559221574,0.0701311370147189,0.10664452237479,0.5870974513484145,0.0834300602588165,0.0440642596068359,0.0218314728835325,0.0125456880371431,0.0500160525535908,-0.01,-0.02,-0.1,-0.05,-0.09,-0.01,-0.13,0.0,0.0
112,4,1,JNG,0.0130618250465006,0.0151633769190194,0.169825934871325,0.5685072596540907,0.0816634740845617,0.0448460620193775,0.0287943144276949,0.0191943588462285,0.0589433941312012,0.2,-0.07,-0.09,0.3,-0.18,0.01,-0.08,0.04,0.09
113,10,3,TNT,0.0357776168235969,0.0404792826993681,0.323865481155873,0.3446514648217987,0.1011014261095432,0.0528984240365643,0.0293963385698943,0.0173955393491345,0.0544344264342266,-0.07,0.04,-0.71,-0.63,0.0,0.0,0.47,0.12,0.0
117,7,2,RFS,0.0021051277653918,0.0040430457897444,0.0,0.781401131881324,0.1014663008060367,0.0471188475390156,0.028185559938261,0.0128365631967072,0.0228434230835191,0.0,0.01,-0.8,-0.71,0.12,0.26,0.01,0.0,0.29
117,5,2,PRS,0.0030651585892716,0.0032365750411835,0.0,0.6077265239358379,0.1477086850033847,0.0842729763416242,0.0517561470230191,0.0298438948142165,0.0723900392514621,0.01,0.01,-0.6,-0.55,0.33,0.0,0.0,0.01,0.5
134,4,1,JNG,0.0116115382372785,0.012691616758154,0.0110062500173534,0.6174384091470712,0.148973092439728,0.072240316082619,0.0436973669962433,0.0276988774402416,0.0546425328813107,0.09,0.04,-0.04,-0.14,0.01,0.0,0.0,0.0,-0.09
101,2,0,DST,0.0094508284428729,0.0382751905784146,0.0227165482543881,0.6112997879877445,0.1861454311026631,0.0632314921276327,0.0216531639007596,0.010274951316935,0.0369526062885892,0.26,0.2,0.18,0.13,-0.11,0.0,-0.01,-0.02,-0.15
119,0,1,BNS,0.0380770585999384,0.0346783121131324,0.0449910800245264,0.6161469590236026,0.1136263376495101,0.0507176210439284,0.0276616346722082,0.0167579010451492,0.057343095828004,0.0,0.08,-0.51,-0.64,0.02,0.01,-0.01,-0.09,-0.01
110,7,2,RFS,0.0212397498381835,0.016747467733155,0.0055081894131313,0.6876106460227444,0.119868489298681,0.063157714251422,0.0311287716094629,0.018689265246111,0.0360497065871086,-0.61,-0.49,-0.31,0.31,0.01,0.07,-0.1,-0.43,0.71
128,2,0,DST,0.0293608060560827,0.0320463269005224,0.0249960017059388,0.6828286597718307,0.1212949141699541,0.0367443224224331,0.0207644738245015,0.0104888580872161,0.0414756370615204,-0.31,-0.11,0.06,0.28,0.0,0.0,-0.1,-0.06,0.01
120,7,2,RFS,0.0102808264087389,0.0183546392282737,0.0202916686308373,0.7904451310708944,0.0876805787089613,0.0322866803515794,0.0144248694005065,0.0073024294291334,0.0189331767710748,-0.34,-0.01,-0.13,-0.61,0.18,0.01,-0.01,-0.01,0.65
103,2,0,DST,0.0768397333209255,0.0674474717999508,0.3035967110467087,0.3689237784410042,0.0436045545488989,0.0221213349906609,0.018531935683282,0.017827349893315,0.0811071302752537,-0.26,0.2,-0.24,0.17,-0.11,0.01,-0.01,-0.15,-0.02
111,0,1,BNS,0.0425606333572989,0.0315068607230199,0.0319926493244762,0.4606719427935343,0.1572678138680154,0.0812071985542931,0.0436710073034846,0.0302798975124847,0.1208419965633926,0.14,0.26,0.5,0.62,0.0,0.0,0.0,-0.23,0.01
126,6,2,BOT,0.0090760568394878,0.0079648787322807,0.002877003781451,0.6601431610863704,0.1262378725102576,0.0678708736386632,0.0350466149265387,0.0236993904312347,0.0670841480537155,-0.04,-0.25,-0.58,-0.53,0.08,0.0,0.15,0.0,0.63
123,3,3,EXR,0.0157942945792726,0.0058382776462045,0.0076619657872803,0.6488781429738495,0.1263791125817977,0.0540174776990171,0.031052210293523,0.0205144285914691,0.0898640898475858,-0.25,-0.24,-0.7,-0.71,0.0,0.14,0.29,0.51,0.0
127,2,0,DST,0.0159673473728993,0.0215778557753669,0.072378217400553,0.7596920867900446,0.0779621357158051,0.0232397362263348,0.0080966815571155,0.0038289725590299,0.0172569666028504,0.07,-0.05,-0.06,0.06,0.0,0.0,-0.01,0.0,0.0
134,1,0,BRZ,0.0070453746580471,0.0073408422865119,0.0026235487699886,0.8717823320546717,0.069648852006378,0.0188895511439182,0.0079572488907228,0.0035558000804894,0.011156450109272,0.2,0.28,-0.47,-0.48,0.0,0.0,0.0,0.0,-0.09
111,7,2,RFS,0.0320234206894186,0.0086455949043712,0.0,0.5911923805604848,0.1881199153014599,0.067595950243894,0.0306046344160687,0.0182684806556421,0.0635496232286603,-0.5,-0.46,-0.06,0.27,0.39,0.0,0.0,-0.23,0.16
107,2,0,DST,0.0029373845315469,0.0059810997248694,0.0,0.8926193229395112,0.0599704932413573,0.0222231083110703,0.0087589882637532,0.0029506758642689,0.0045589271236226,0.17,0.04,0.36,-0.15,0.01,0.0,0.01,0.01,-0.14
128,8,0,RPW,0.0090328979996693,0.0176359728880806,0.0089932220201686,0.5641990411638287,0.1530104149446189,0.0863283187303686,0.0541775500082658,0.0317540089270953,0.0748685733179037,-0.15,-0.19,0.06,0.33,0.0,0.0,-0.1,-0.07,0.01
103,5,2,PRS,0.0153992743371572,0.0320302582232589,0.0319837786176384,0.7692781426749594,0.071555352852831,0.031141335765766,0.0143505782353436,0.0085871071383959,0.0256741721546492,-0.7,-0.37,-0.19,-0.63,0.63,0.38,0.01,-0.15,0.81
107,11,3,ZMZ,0.0176743569345001,0.0167197029965526,0.043304163351896,0.6107928931317953,0.151803235216123,0.0672500662954123,0.0408910103420843,0.0156854945637761,0.0358790771678599,-0.42,-0.42,-0.49,-0.5,0.01,0.76,0.59,0.78,0.24
128,5,2,PRS,0.0134770732841285,0.0186522926715871,0.0094234904399372,0.6139013192305457,0.1475969082350206,0.0793921078630789,0.0402336258499447,0.0224385424536525,0.0548846399721043,-0.39,-0.31,0.26,0.4,0.0,0.0,-0.1,-0.07,0.5
109,11,3,ZMZ,0.0176511964326003,0.0102390210885346,0.0247846686750985,0.6716612032011042,0.14504505700142,0.0558069781948002,0.0297416024101182,0.0145589191628289,0.0305113538334948,-0.42,-0.44,0.07,0.06,0.06,0.58,0.03,-0.04,0.07
121,6,2,BOT,0.0186000022977149,0.0955131371850694,0.1275720046413841,0.5907654837264341,0.0569258872051744,0.0293418195604471,0.0164803602816998,0.0113564560045035,0.0534448490975724,-0.22,-0.37,-0.33,-0.24,0.4,-0.01,-0.14,0.01,0.69
129,9,1,RST,0.0108215554519835,0.0014043946750292,0.0,0.805918829074365,0.1119750110345295,0.0382427473046425,0.0132352623440118,0.0063336656552967,0.0120685344601414,-0.09,-0.07,-0.61,-0.51,0.0,0.11,0.34,-0.04,0.0
112,1,0,BRZ,0.000871022458117,0.0024908186082996,0.0056692865256391,0.6993240661977068,0.1418595056056153,0.0624894942466674,0.0339851569623219,0.0166156447858354,0.0366950046097972,-0.01,-0.07,-0.21,0.14,-0.18,0.04,-0.09,0.01,-0.25
116,4,1,JNG,0.0047579919830333,0.0110566406466871,0.0062819929157552,0.7794390344107751,0.1143306054919552,0.0414617084355811,0.0183712899321555,0.0078393053442743,0.0164614308397828,-0.15,-0.17,-0.09,0.03,0.01,0.0,0.0,0.0,0.0
125,2,0,DST,0.0033300763724102,0.0049186756798075,0.0,0.7089273963588506,0.1438646167753428,0.0555810351818248,0.0264279114904252,0.0116585907329491,0.0452916974083896,0.1,-0.11,0.34,0.5,-0.01,0.0,-0.01,-0.15,0.0
104,8,0,RPW,0.0249602243972466,0.011276093953116,0.0229226550586958,0.6034909913634845,0.1151689760221751,0.0568733233880544,0.0417437095008285,0.0276725731920706,0.0958914531243281,-0.05,-0.11,-0.01,-0.11,0.0,0.0,0.08,-0.04,0.0
132,4,1,JNG,0.0052024052101782,0.0048276321560832,0.0032619136189751,0.9205092471780976,0.0355395899149959,0.0134807255606327,0.0057465201627903,0.0037088651871922,0.0077231010110544,-0.14,0.01,0.32,0.4,0.0,0.0,-0.01,-0.2,-0.15
106,5,2,PRS,0.0174176756291975,0.0243022472171225,0.0025795356835769,0.5644302944388929,0.1791499151774302,0.0939148520833817,0.0437126722595338,0.0271141735028235,0.0473786340080407,-0.76,-1.0,-0.71,-0.84,0.58,0.46,0.0,0.0,0.99
125,8,0,RPW,0.0035188094253823,0.0074510128152128,0.0156428276147168,0.6740570483670938,0.1309698222405952,0.0605142620917734,0.0312128978916907,0.0197436957420421,0.0568896238114923,0.3,0.3,-0.05,0.27,-0.01,0.0,-0.01,-0.15,0.0
108,1,0,BRZ,0.0325716964595095,0.0293766943193167,0.2238590733984223,0.6307046330078881,0.0302378671449827,0.013004219237276,0.0070728277042865,0.0039746438107661,0.0291983449175516,0.2,-0.05,-0.18,-0.23,0.0,-0.01,-0.03,-0.04,0.0
122,2,0,DST,0.0196384557636475,0.0235980361544236,0.0161107088047514,0.774988207625514,0.0763747251214116,0.0260827392855481,0.018057281043841,0.0101381202622889,0.0350117259385733,-0.24,-0.01,-0.42,-0.35,-0.01,-0.02,-0.02,-0.25,-0.02
116,6,2,BOT,0.0067907278569152,0.0108335797903344,0.0144112740439143,0.6759832198674014,0.1496142349735405,0.0615214101743192,0.0283171915961512,0.018129664138927,0.0343986975584964,-0.5,-0.48,-0.64,-0.8,0.68,0.51,0.0,0.18,0.62
106,10,3,TNT,0.0073043239601786,0.0157813318695576,0.0122819930636991,0.4117742458644178,0.1803438209536166,0.1146236183537513,0.0781581376780857,0.0442376306794081,0.1354948975772848,-0.76,-0.99,-0.54,-0.75,0.0,0.0,0.0,0.12,0.0
114,3,3,EXR,0.0092054663387743,0.0230817475119246,0.506440938124082,0.3241512485764742,0.056107544273713,0.0304675766228193,0.0126673158494116,0.0080625195992671,0.0298156431035336,-0.35,-0.44,-0.21,-0.44,0.0,0.5,0.87,0.67,-0.39
102,0,1,BNS,0.0315943179641499,0.0280687240959072,0.0410995411175854,0.6387876398786307,0.1148177656618261,0.0488364152205717,0.0252898898737726,0.0167007659144474,0.0548049402731086,0.59,-0.08,-0.15,-0.18,0.0,0.64,0.16,0.44,0.0
103,11,3,ZMZ,0.0536772325105614,0.0471344687408667,0.3812803889789303,0.3574009618194861,0.0414751441400749,0.0221191912214044,0.0151845258655046,0.0147062730823391,0.0670218136408321,-0.69,0.03,0.07,-0.23,-0.12,-0.01,-0.01,-0.15,-0.02
103,4,1,JNG,0.0337066175123394,0.0253951685886082,0.0650702614469805,0.5937050629327144,0.1059112890241126,0.0592794523438063,0.0337454820029648,0.0202650558260647,0.0629216103224087,-0.69,0.15,-0.66,-0.39,0.49,-0.01,0.0,-0.14,-0.02
115,2,0,DST,0.021228938885381,0.0464457811305706,0.2165365059320062,0.5902628692964674,0.0546741550629756,0.0191685221494799,0.01208334718022,0.0073909142268452,0.0322089661360539,0.22,-0.05,0.09,-0.02,0.0,0.0,-0.01,-0.03,-0.03
112,10,3,TNT,0.0138055858948353,0.0103978779840848,0.3761148385083476,0.1987330316742081,0.1012950538305507,0.0775159931346543,0.0608394445311281,0.0403807146200655,0.1209174598221251,-0.46,-0.51,-0.57,-0.2,-0.11,0.32,0.6,0.71,-0.11
127,5,2,PRS,0.0162930896730051,0.0152791295631836,0.007530614913058,0.6862272839524107,0.1296764915237002,0.05965223201964,0.0296692281991313,0.0146021877133601,0.0410697424425107,-0.14,-0.52,-0.4,-0.48,0.06,-0.01,0.17,0.0,0.73
125,11,3,ZMZ,0.0004310773618065,0.0033557714626786,0.0,0.713625360612793,0.1345226647212919,0.0672745962794707,0.02750936764267,0.015492257187386,0.037788904731903,-0.24,-0.53,-0.47,-0.14,-0.01,0.49,0.02,0.41,0.0
113,6,2,BOT,0.0067556122112069,0.0138040728905579,0.0036577347883882,0.7494968461368406,0.1027323910503211,0.0471313769907235,0.0263678463866231,0.0158654964212194,0.0341886231241189,-0.15,-0.49,-0.27,-0.26,0.26,0.27,0.0,0.16,0.33
121,0,1,BNS,0.0297238912891366,0.045525728311694,0.3877877983495674,0.3847918078123438,0.0519175450092739,0.0263114053111498,0.0140942057154281,0.0107122627364305,0.0491353554649755,0.07,-0.12,-0.31,-0.24,-0.04,0.6,0.04,0.43,0.01
120,5,2,PRS,0.0359043944166153,0.0441155960530444,0.0748247928313246,0.6126555944259132,0.1110923861879801,0.0409107286061296,0.0203565741913738,0.0115410095187178,0.0485989237689008,-0.34,-0.01,0.4,-0.19,0.22,0.0,0.0,-0.01,0.41
108,11,3,ZMZ,0.0337011552217216,0.0268467954375045,0.5833040270193156,0.1765677772100831,0.0558832701865208,0.0345969331218855,0.0192293655901849,0.0110280212597954,0.0588426549529882,-0.61,-0.69,-0.28,-0.35,0.0,0.49,0.09,0.02,0.09
105,3,3,EXR,0.0080721708196802,0.0077750356974834,0.0403443465916125,0.8373928043777908,0.0436128329357775,0.0202216958161724,0.0153189662999248,0.007651229396568,0.01961091806499,-0.06,-0.56,-0.68,-0.66,0.0,0.03,0.82,0.56,-0.04
122,0,1,BNS,0.0090204897551224,0.020836803820312,0.0151313232272752,0.7456827141984563,0.0957021489255372,0.0361596979288133,0.0229829529679604,0.0132933533233383,0.0411905158531845,-0.33,-0.05,-0.09,-0.24,-0.01,-0.02,-0.02,-0.26,-0.02
125,10,3,TNT,0.0087214198820923,0.0069808790043357,0.0133753392183162,0.8001497239464737,0.0748120652546866,0.0358963161670669,0.0200754858230138,0.0111669110078293,0.0288218596961851,-0.24,-0.53,-0.66,-0.5,-0.01,0.0,0.21,0.57,0.0
126,4,1,JNG,0.0086358614486928,0.0089190044470106,0.0397399525874273,0.6043881612915762,0.1203468779320567,0.0663220834883217,0.045724818316576,0.0286418574180689,0.0772813830702694,0.16,0.11,-0.37,-0.11,0.0,-0.01,-0.01,0.0,0.34
115,10,3,TNT,0.0219603341464479,0.0211181054220813,0.0226091622007748,0.7606885063853415,0.0985969093325181,0.0304450087030301,0.0122279133315448,0.0043671119041231,0.0279869485741379,-0.68,-0.53,-0.7,-0.94,-0.01,-0.01,0.85,0.49,-0.04
104,5,2,PRS,0.0568199983142916,0.0269568022693122,0.0136891146833919,0.6017397673141143,0.1250563113794035,0.0511815943894974,0.0301683673914243,0.0177173764564665,0.0766706678020978,-0.68,-0.51,-0.05,-0.19,0.57,0.64,0.61,0.29,0.64
126,9,1,RST,0.004232043141528,0.0039387943461632,0.0014137678766009,0.4996156897366008,0.1759739718542893,0.1011492265948875,0.0595078976530835,0.0384989365872631,0.1156696722095833,0.51,0.36,-0.38,0.06,0.01,0.0,-0.01,0.0,0.0
119,2,0,DST,0.0134487412164363,0.0347553233215665,0.0540741774861557,0.6675176003669652,0.1201013142936918,0.0443150316108573,0.0205287755197011,0.0117269300572385,0.0335321061273874,-0.61,-0.44,-0.63,-0.42,0.01,0.01,-0.01,0.04,0.14
123,2,0,DST,0.0063947034306719,0.0050253594527941,0.003184057113609,0.7116467358429109,0.1479556226194353,0.0586690774211131,0.0253262162898754,0.0128027014630709,0.0289955263665188,-0.1,0.03,-0.39,-0.38,0.0,0.0,-0.08,0.01,0.01
128,6,2,BOT,0.0159631451819046,0.0200070653719229,0.0044316540150555,0.6141474020397671,0.159740591710538,0.0741978936000942,0.0390548485396795,0.0230400055144366,0.0494173940266014,-0.38,-0.31,-0.12,-0.08,0.19,0.08,-0.1,-0.07,0.53
101,4,1,JNG,0.0038201741843955,0.0510976060056691,0.0935442943088844,0.6585691559802661,0.0836829144375376,0.0421274150247228,0.0226989419561179,0.0104166377469856,0.0340428603554205,0.31,-0.63,0.18,0.16,-0.12,0.0,-0.02,-0.02,-0.17
123,4,1,JNG,0.0077426626542147,0.0062935160405538,0.010094055722741,0.6597892352281435,0.1467358111334436,0.0608863669172598,0.0326529932373158,0.0185557393979101,0.0572496196684174,0.22,0.44,-0.25,-0.25,0.0,0.0,-0.08,0.03,0.0
133,4,1,JNG,0.0203209031265704,0.0401226084276635,0.0382623809246163,0.7097073334610504,0.0769190190215203,0.0417523898370496,0.0196795411068631,0.0089290920146263,0.0443067320800397,-0.28,-0.28,-0.66,-0.19,0.0,0.0,0.0,-0.22,-0.05
109,4,1,JNG,0.0085958771985822,0.012631526358007,0.0221350082850156,0.6057137464646437,0.1453333296326004,0.066574333382368,0.0361210028615916,0.0230093064179034,0.0798858693992878,-0.08,0.12,0.19,-0.01,-0.07,-0.02,-0.05,-0.13,-0.09
120,10,3,TNT,0.0311868214152003,0.0134843379508299,0.012011730937227,0.6075751903157369,0.1557094721078248,0.0634094596281043,0.0281292899039061,0.0176088855609634,0.0708848121802071,-0.34,-0.01,-0.03,-0.59,-0.01,0.0,0.48,0.62,-0.01
131,3,3,EXR,0.051577514744092,0.0265187445869592,0.0258011300367055,0.5475069080711016,0.1478615911246752,0.0632738070689157,0.0366560811646801,0.0237555161463273,0.077048707056543,-0.31,-0.33,-0.59,-0.55,-0.76,0.02,-0.02,-0.01,-0.56
119,9,1,RST,0.035210876461077,0.0449832755279625,0.0709617497130302,0.4153717029338797,0.17281131586418,0.092601735395401,0.0472358335699033,0.0310729581949913,0.0897505523395746,0.08,0.21,-0.44,-0.3,0.0,0.0,-0.01,-0.09,0.0
115,3,3,EXR,0.0126626149599574,0.02498690003177,0.4488234784438475,0.415023497423329,0.0372575474383888,0.0160665437126341,0.0099683537775357,0.0068243614023361,0.028386702810201,-0.68,-0.99,-0.81,-0.96,-0.01,-0.01,0.98,0.85,-0.04
109,2,0,DST,0.0043591225936779,0.0094624856301789,0.0121537122314587,0.8467595638219405,0.0753942148595578,0.0241479443680268,0.0110971566028081,0.0055818033211729,0.0110439965711779,0.1,0.0,-0.41,-0.24,0.0,-0.02,-0.05,-0.13,-0.09
119,11,3,ZMZ,0.0614356199267865,0.0478009443471802,0.1130298689585654,0.3971165579075813,0.1506578598334129,0.0730542734362565,0.0450819672131147,0.0228128813199639,0.0890100270571383,-0.6,-0.56,-0.73,-0.85,0.01,0.69,0.36,-0.02,0.1
106,1,0,BRZ,0.0067494256620804,0.0106360760622067,0.0,0.8649147025413498,0.0614019448533719,0.0251435208060597,0.0147825156764962,0.004034373678768,0.012337440719667,0.02,-0.31,-0.44,-0.61,0.0,0.01,0.01,0.01,0.0
104,11,3,ZMZ,0.0424073251427169,0.0318651664533923,0.0322033111660688,0.5562281614873064,0.1337594398732288,0.0701484521591534,0.0421155924494274,0.0217340856500666,0.069538465618639,-0.68,-0.5,-0.39,-0.53,0.01,0.72,0.09,0.54,0.01
103,8,0,RPW,0.0712148790415991,0.0517589436409967,0.2593540060230996,0.3906741238375749,0.0548102061753317,0.0297117516629711,0.0261111294966409,0.0197703279610815,0.0965946321607042,-0.7,0.0,-0.02,0.21,-0.12,-0.01,0.0,-0.15,-0.03
124,3,3,EXR,0.0079182346339209,0.0050835148874364,0.0094366871327655,0.8149798639994719,0.080461477520301,0.0311365286855482,0.0181306529345745,0.0098121740278603,0.023040866178121,-0.51,-0.52,-0.79,-0.63,0.0,0.0,0.64,-0.13,-0.01
117,8,0,RPW,0.0052399146529052,0.0063414876197092,0.0,0.7660067152946625,0.0989695496121338,0.0458294050513571,0.0255048876097851,0.0184521742006979,0.0336558659587489,0.0,0.01,-0.2,-0.39,-0.01,0.0,0.12,0.0,0.01
131,5,2,PRS,0.0361175913471175,0.033953208661017,0.0174196491085358,0.6557004610570903,0.1208277529059379,0.0533919798726936,0.0268092931910554,0.0141251390870081,0.041654924769544,-0.31,-0.33,-0.69,-0.51,0.2,-0.01,0.22,0.41,0.27
103,3,3,EXR,0.062356410732331,0.0517973148549155,0.0951184804801088,0.4515085895770174,0.1122976345150446,0.0608055435253356,0.0355792035306976,0.0245663965022994,0.1059704262822495,-0.69,-0.52,-0.92,-0.79,-0.11,0.0,0.99,0.85,0.52
126,11,3,ZMZ,0.0022417658216933,0.0040457903882632,0.0073089524719116,0.5908047806651014,0.1382599121864512,0.0649050897369573,0.0381498136283444,0.0312122779789618,0.1230716171223155,0.08,-0.22,-0.83,-0.52,0.02,0.87,0.22,0.35,0.48
121,2,0,DST,0.0257591469900021,0.0754759625611572,0.0072125611572005,0.6867421825143587,0.104405977451606,0.0375452031482663,0.0154089555413741,0.0072590938098276,0.0401909168262071,0.35,0.17,-0.16,-0.17,-0.08,-0.01,0.15,0.26,0.01
123,8,0,RPW,0.0105626583241287,0.0019842188461106,0.0,0.619393755001885,0.1456681195557995,0.0711210175074242,0.0404053097696321,0.0251334387174009,0.0857314822776186,0.26,0.29,-0.67,-0.41,0.0,0.01,0.04,-0.04,0.0
126,0,1,BNS,0.0063267159580336,0.0081709634103534,0.0,0.6675451450603699,0.1048268023200744,0.053962346150203,0.0400106977495723,0.0280648773937607,0.0910924519576324,0.57,0.29,-0.39,-0.34,0.0,0.0,0.0,0.01,-0.01
114,6,2,BOT,0.0061962529610221,0.0225310458689254,0.0369937549350369,0.7009231210968344,0.0978364797932668,0.0429660469456607,0.0293963103869068,0.0203287631900078,0.0428282248223386,-0.35,-0.44,-0.21,-0.45,0.11,0.07,0.15,0.0,0.47
129,2,0,DST,0.0186274314347043,0.004532254098633,0.0,0.8584700651926872,0.0736192242003761,0.0165872525369325,0.0070974301720528,0.0053828824338603,0.0156834599307535,-0.07,-0.02,-0.04,-0.57,0.0,0.0,0.0,-0.04,0.0
112,6,2,BOT,0.006696838816394,0.005163343135453,0.0011371990442933,0.4593480058812718,0.1807916743245727,0.1038814096673405,0.063688889909943,0.0423692795442014,0.13692335967653,-0.48,-0.55,-0.96,-0.59,0.79,0.97,-0.1,-0.01,0.63
106,2,0,DST,0.0097078347076685,0.0169106360924138,0.0096679668033249,0.8198834528263022,0.0859153338604756,0.0240802142235393,0.012810886595746,0.0066313614224868,0.0143923134680425,0.11,-0.13,-0.28,-0.49,0.0,0.0,0.0,0.0,0.01
112,3,3,EXR,0.0054093977454653,0.0041220353529518,0.0141362293485616,0.5181055967254782,0.1539388337817095,0.106339434550826,0.0786446384657281,0.037366518675007,0.0819373153542722,-0.47,-0.5,-0.67,-0.38,-0.13,0.49,0.49,0.51,-0.23
111,8,0,RPW,0.0043348300786287,0.004996131387344,0.0048671776321445,0.4872401912483385,0.1823670619044155,0.1007889324612973,0.0633857304403605,0.0371188424581892,0.1149011023892816,-0.5,0.08,0.45,0.5,0.0,0.0,0.0,-0.23,0.0
101,8,0,RPW,0.0256740131230818,0.0418496666313895,0.123806090591597,0.5040149751296433,0.1080471478463329,0.0515464599428511,0.0316832469044343,0.0260940311144036,0.0872843687162662,-0.23,-0.3,0.14,0.13,-0.11,0.0,0.18,0.06,-0.17
106,4,1,JNG,0.0173272068520343,0.0231270041784083,0.0083845801463137,0.4654941210766689,0.1548759665172064,0.1003595374599164,0.0678373613559698,0.0463817205047406,0.1162125019087413,-0.35,-0.94,-0.66,-0.93,0.0,0.0,0.0,0.01,0.0
102,2,0,DST,0.0297952324971274,0.0257370766666002,0.1011550135825346,0.6884518567225244,0.0663916950604738,0.0269392472154143,0.0101619941419092,0.0082757154907313,0.0430921686226844,-0.01,-0.13,-0.16,-0.14,0.0,0.0,0.0,-0.1,0.02
114,0,1,BNS,0.0142246010088251,0.0225778064021808,0.0263116253633186,0.3916484602507905,0.1538388933460292,0.0976122991163757,0.067036624738702,0.0484869010968266,0.178262788676951,0.27,0.17,-0.06,0.0,0.0,0.01,0.07,-0.12,-0.38
104,4,1,JNG,0.0396162994995572,0.0215942555949383,0.0273952831262264,0.3804585864922102,0.189979488232796,0.1189904546728803,0.067730465941862,0.0422114960267124,0.1120236704128166,-0.11,-0.08,-0.02,-0.09,0.0,0.0,0.0,-0.04,0.01
132,3,3,EXR,0.0031644916803162,0.0,0.0,0.9031715055471436,0.0401275698601765,0.0189291888256724,0.0102072391357265,0.0091427816995837,0.0152572232513811,-0.13,-0.22,-0.63,-0.53,0.0,-0.01,0.94,0.58,-0.15
127,10,3,TNT,0.0317326698717349,0.032942364891408,0.0555898510329174,0.4944410148967083,0.1617624134039196,0.0747142563181622,0.0475522382475634,0.0280474649406688,0.0732177263969171,-0.14,-0.41,-0.77,-0.63,-0.01,-0.01,0.5,0.65,0.0
120,0,1,BNS,0.0180002387078687,0.0220471697851351,0.0486492187868644,0.6661836995833715,0.1041932090387012,0.0454266625586707,0.0286893550168899,0.0148554013206651,0.051955045201833,0.59,0.82,-0.05,0.06,-0.01,0.0,-0.01,-0.01,-0.01
125,3,3,EXR,0.0040476141357044,0.0081447403709281,0.0,0.9019289088771067,0.043100282631568,0.0142677366781507,0.0102490046004992,0.0073277907288593,0.0109339219771831,-0.24,-0.53,-0.66,-0.5,-0.01,0.02,0.24,0.69,0.0
129,7,2,RFS,0.0041580398057295,0.0012216921078689,0.0,0.8546872253871907,0.076327893588474,0.0288919466913577,0.0140173094481809,0.0053840185525734,0.0153118744186245,-0.2,-0.28,-0.28,0.14,0.69,0.44,0.0,-0.04,0.08
121,8,0,RPW,0.0269123546160739,0.0694800406099428,0.0819904163180539,0.4864330382388248,0.1267837123704896,0.062568413533561,0.0363306866321195,0.0226595544150084,0.0868417832659256,0.0,-0.41,-0.23,-0.07,-0.08,-0.01,0.17,0.56,0.01
119,3,3,EXR,0.0164025725966477,0.0377432436334833,0.0530938403719456,0.6121756923445035,0.1255605381165919,0.0516994566854097,0.0246121096860161,0.0163778202235139,0.062334726341888,-0.6,-0.56,-0.87,-0.91,0.0,0.54,0.63,0.42,0.0
119,8,0,RPW,0.026806688768454,0.0212415381255831,0.0363157511629907,0.6361476717024331,0.1332526022538529,0.0467578530826699,0.0257876243225537,0.0143793963697483,0.0593108742117139,-0.07,-0.03,-0.71,-0.49,0.01,0.01,0.28,-0.01,-0.01
126,7,2,RFS,0.0086418005824101,0.0054466931710476,0.0,0.8143792699715657,0.0643567541139688,0.0309132002967804,0.0216838430494619,0.014007007792631,0.0405714310221341,-0.05,-0.26,-0.88,-0.54,0.25,0.42,0.14,0.01,0.51
132,1,0,BRZ,0.0154756323760216,0.0051058885876765,0.0048358166364321,0.889698538554045,0.040908257067732,0.0155011108619881,0.0086219196510466,0.0045249791076415,0.0153278571574162,0.32,0.38,-0.64,0.02,-0.01,0.0,-0.01,-0.2,-0.14
122,11,3,ZMZ,0.0122805970545133,0.0197669869435768,0.0135935334566697,0.7963688688190866,0.0743068955685081,0.0315635215871942,0.018500467484931,0.0094027465568574,0.0242163825286624,-0.83,-0.62,-0.84,-0.92,0.23,0.32,0.79,0.27,0.25
134,2,0,DST,0.0039811774714538,0.0062276515705379,0.0,0.7152826702468463,0.1631418734796421,0.0594052825373193,0.024232676228582,0.0115381036568344,0.0161905648087838,-0.27,-0.01,-0.1,-0.24,0.01,0.0,0.0,0.0,-0.09
132,2,0,DST,0.021561550783301,0.01232278518873,0.0180056230184841,0.8687497092115145,0.0365163871773909,0.0109801732102384,0.0056761912358012,0.0026586375811715,0.023528942593368,0.16,0.35,-0.53,-0.2,-0.01,-0.01,-0.02,-0.2,-0.14
127,3,3,EXR,0.0269176171533268,0.0205544459666903,0.0123879636201574,0.7011207764554412,0.1000940857996467,0.0540580690952907,0.0249079774854332,0.016613571463942,0.0433454929600713,-0.14,-0.53,-0.88,-0.76,-0.01,-0.01,0.74,0.82,0.28
124,5,2,PRS,0.0010603622081098,0.0009122020091685,0.0013218213827123,0.6995194961391196,0.1239490793731952,0.0633893243313907,0.0400729761607334,0.0230432685882947,0.0467314698072755,-0.51,-0.53,-0.19,-0.4,0.27,0.83,0.0,-0.22,0.87
117,9,1,RST,0.0038402528886789,0.0059641226534789,0.0038618620287278,0.66092480945369,0.1740338399133164,0.0676180862328168,0.0323519696731154,0.0176639284799204,0.0337411286762549,0.0,0.2,-0.12,-0.86,-0.01,0.0,0.0,0.0,0.0
114,5,2,PRS,0.006894948643819,0.0243371638603576,0.0325773974692371,0.6501009690119565,0.1194485203318175,0.067368849243822,0.0379527261633228,0.0201415018958929,0.0411779233797742,-0.35,-0.44,-0.21,-0.45,0.32,0.0,0.17,-0.18,0.59
104,7,2,RFS,0.0501354432766986,0.0262785673873163,0.0052634286008195,0.7017076139695166,0.0718620878838273,0.0369811579542921,0.0180962504500488,0.0151987930118127,0.0744766574656677,-0.68,-0.71,-0.18,-0.14,0.61,0.64,0.64,0.55,0.77
120,1,0,BRZ,0.0112343528788665,0.0283506992187897,0.0314775771279575,0.6964483963292287,0.1331724060663468,0.0361678939917091,0.0191381224473166,0.012110286104236,0.0319002658355486,0.37,0.61,0.3,-0.44,0.0,0.0,-0.01,0.0,-0.01
116,10,3,TNT,0.0053224347174991,0.0114622656225626,0.0367079524537484,0.5150219948210776,0.1667862602564502,0.1120269553551929,0.0607993011574579,0.0345927058309674,0.0572801297850435,-0.5,-0.43,-0.81,-0.75,0.0,0.0,0.21,0.29,0.01
127,9,1,RST,0.0118409680207433,0.0309112236078528,0.0157920730954438,0.6560192616372391,0.1599888875169774,0.0532102728731942,0.023441165575997,0.0156439066551426,0.0331522410174095,0.33,0.08,-0.1,-0.15,0.0,0.0,-0.01,-0.01,0.0
123,7,2,RFS,0.008025654656766,0.0021821892202424,0.0034426285733884,0.8362543515168145,0.0757549774492823,0.032677104590743,0.0153825047588016,0.0089602661499151,0.0173203230840464,-0.25,-0.24,-0.6,-0.39,0.0,0.0,-0.08,-0.04,0.44
109,9,1,RST,0.0096995366325752,0.0082455322551268,0.0094031790524583,0.6603217331979144,0.1507904412332179,0.062889548147302,0.031487992887418,0.0206153741668801,0.0465466624271068,-0.17,-0.22,-0.42,-0.43,0.39,0.34,-0.05,-0.05,0.45
105,5,2,PRS,0.0222686414530833,0.022166958158777,0.0426169212622673,0.6898543314178137,0.1085047907357803,0.0452403502553703,0.0165366088911872,0.0107493768266677,0.0420620209990528,-0.06,-0.55,-0.67,-0.66,0.5,0.45,0.21,0.49,0.94
101,1,0,BRZ,0.0102029369773608,0.0298643687538241,0.0050989190291658,0.8228329594126045,0.0898939424841933,0.021588823169488,0.0053130736283907,0.0024576789720579,0.0127472975729145,0.17,0.21,-0.01,0.16,-0.11,0.02,0.01,0.01,-0.15
105,1,0,BRZ,0.0089061115580857,0.0079029646301595,0.0196708455968469,0.895143139391594,0.0335468627470949,0.01013331160697,0.0064466193439317,0.0040227719444755,0.0142273731808414,0.55,-0.34,-0.46,-0.53,-0.01,0.0,-0.01,0.0,-0.03
107,8,0,RPW,0.0084492417177589,0.0072389002427296,0.0093718790716747,0.6352837688578478,0.1255249773474341,0.0684405113858079,0.0432614403724941,0.0276394372904224,0.0747898437138303,-0.15,-0.13,-0.32,-0.46,0.01,0.11,0.16,0.27,-0.14
119,1,0,BRZ,0.075812642406757,0.1042914451450446,0.3796494053960373,0.2296960459983382,0.0671624673133483,0.0301864094891962,0.0206340063512776,0.0124884672827643,0.0800791106172361,-0.43,-0.34,-0.75,-0.84,0.01,0.01,0.09,0.2,0.12
103,10,3,TNT,0.0562494148487969,0.0813719065006397,0.3558593140467497,0.358330992728521,0.040183503417283,0.0192990668788815,0.012558125019505,0.011559466966264,0.0645882095933589,-0.69,-0.53,-0.93,-0.79,0.04,0.02,0.92,0.84,-0.03
123,11,3,ZMZ,0.0040977356363756,0.0015316778834996,0.0,0.5724364287371946,0.1820110731691144,0.0765043264927228,0.0528064184597022,0.0297980970062659,0.0808142426151244,-0.25,-0.24,-0.4,-0.33,0.01,0.03,0.03,-0.04,0.04
108,7,2,RFS,0.0386818868961726,0.0438827045969903,0.5930778877207449,0.2199288806431663,0.0282415996701711,0.0110801896516182,0.0058578987150415,0.0040197897340754,0.0552291623720195,-0.61,-0.71,-0.14,-0.34,0.08,-0.01,-0.03,-0.04,0.51
105,4,1,JNG,0.0162446846946999,0.0098913315360884,0.0832606097662655,0.7539034490425502,0.0602317889997498,0.0279425252216447,0.0137739362441288,0.0077485339484728,0.0270031405463994,-0.04,-0.06,-0.18,-0.17,0.01,-0.01,-0.01,0.11,0.0
124,0,1,BNS,0.0123312193835778,0.0044961907273004,0.0033360625026019,0.6520475708080654,0.1431287381523986,0.0683198956439683,0.0396330886332412,0.0252230748948807,0.0514841592539653,0.34,0.26,-0.53,-0.26,0.0,0.11,0.0,-0.22,-0.01
122,1,0,BRZ,0.0077725881292307,0.0159271841940396,0.0158304088503598,0.8829884226128324,0.0480515048565942,0.012254814573348,0.0055212880288899,0.0032190535371388,0.0084347352175662,-0.48,-0.15,-0.38,-0.36,-0.02,-0.01,-0.02,-0.26,-0.02
102,1,0,BRZ,0.0330991906030491,0.0231409084194601,0.0834661953249558,0.7567071959412996,0.0433885665676781,0.0124185636642403,0.0060513755673164,0.0042787504011328,0.0374492535108675,0.16,-0.02,-0.5,-0.13,0.0,0.0,0.0,-0.09,0.0
128,3,3,EXR,0.0283803177012025,0.0265122148359533,0.0119550335681177,0.673267571713706,0.1411345528924665,0.0450571565247513,0.0255018722267126,0.0113735710868812,0.0368177094502086,-0.33,-0.07,-0.69,-0.38,0.0,0.0,0.59,0.71,0.01
108,4,1,JNG,0.0199175632637808,0.0298791336891833,0.75492082615219,0.132936209137203,0.0166212093324186,0.0084667771028897,0.005142535236406,0.0035696556955529,0.0285460903903753,-0.31,-0.47,0.09,0.02,0.0,-0.01,-0.03,-0.04,0.0
124,9,1,RST,0.0007964757491657,0.0007069494052672,0.0,0.7844051283159478,0.1140936075103341,0.0485788464684944,0.0249377174486844,0.010415927045291,0.0160653480568152,0.01,0.07,0.02,0.07,0.0,0.0,0.0,-0.21,0.0
114,10,3,TNT,0.0106392947953044,0.0106205526435805,0.0,0.4883829896230953,0.1659804956674392,0.0896624538474513,0.0602997494799052,0.0429070326800652,0.1315074312631585,-0.35,-0.44,-0.21,-0.45,0.01,0.21,0.62,0.39,-0.39
129,4,1,JNG,0.014022609410223,0.0107605690108938,0.0079982454386958,0.812184206727299,0.0622258497962265,0.0275566068116955,0.0143529777570487,0.010349690730808,0.0405492443171091,-0.13,-0.28,-0.55,-0.55,0.0,0.17,0.0,-0.04,0.0
134,5,2,PRS,0.0185455285025277,0.0171276657562903,0.010750188854669,0.6511825207740136,0.1567493753268638,0.0543320355627869,0.0300772851414957,0.0178395025858562,0.0433958974954965,-0.74,-0.45,-0.75,-0.6,0.12,0.01,0.0,0.0,0.19
112,2,0,DST,0.0493573640628945,0.0430373353536159,0.018361976155349,0.533833087443678,0.1404760955380996,0.0552919441232372,0.036365086327206,0.0245490915374084,0.0987280194585111,0.0,0.0,-0.35,0.04,-0.19,0.01,-0.09,-0.01,-0.28
127,6,2,BOT,0.0145057394021372,0.0228283750757451,0.0278656086752994,0.699664280155195,0.118492735642879,0.0466561556775136,0.0238076776170496,0.0138653157460935,0.0323141120080871,-0.14,-0.52,-0.81,-0.73,0.65,0.3,0.0,0.46,0.53
133,8,0,RPW,0.0157350868952559,0.0181133773046924,0.0106808063032965,0.4821148591880073,0.1595141539703226,0.0938548151284409,0.0620141705091989,0.0357570505229592,0.122215680177826,-0.13,-0.29,-0.28,-0.08,0.01,0.0,0.0,-0.22,-0.05
128,7,2,RFS,0.0065070342840976,0.0107250327923664,0.0068756804951861,0.7870167948355238,0.1022521711547199,0.0344126951467297,0.0148315801205387,0.0096019478237013,0.0277770633471361,-0.39,-0.31,0.13,0.25,0.02,0.0,-0.1,-0.07,0.81
122,3,3,EXR,0.0325377371726625,0.0501332871161289,0.2145221058539041,0.5287990954632862,0.0933009812902853,0.0293149124761692,0.0103493525464854,0.0042420791139501,0.036800448967128,-0.74,-0.32,-0.96,-0.87,0.08,0.48,0.82,0.64,0.01
105,6,2,BOT,0.0139188017252766,0.0196591946794396,0.0792656661899757,0.7372628749633867,0.0688789721853696,0.0260686779579248,0.0148003928392977,0.0091892233383299,0.030956196120999,-0.05,-0.56,-0.68,-0.66,0.58,0.06,0.27,0.17,0.94
105,2,0,DST,0.0059664206127208,0.0102917433508959,0.0444757456364735,0.8662737776478483,0.0297125088865117,0.0127965769488867,0.0083583041545688,0.0051026848892757,0.0170222378728182,0.66,0.04,-0.57,-0.57,0.0,0.0,0.0,0.0,-0.04
115,6,2,BOT,0.0501819811383085,0.035146633420757,0.4229977047682792,0.4159626328232499,0.019039794549471,0.0062450985743135,0.0026083484385817,0.0023957737860981,0.0454220325009407,-0.68,-0.95,-0.56,-0.92,0.59,0.66,0.07,-0.03,0.69
116,9,1,RST,0.0112403256329436,0.0078043238670918,0.0,0.6790749653467028,0.1720408862600062,0.0599895654214118,0.029840425039284,0.0128672554897305,0.027142252942829,0.1,0.23,-0.4,-0.21,0.0,0.0,0.0,0.0,0.0
134,9,1,RST,0.0140969870237327,0.0223927829354212,0.0027415953738665,0.6292393616528609,0.2087379090395462,0.0628838001969749,0.0219883358701323,0.0114603626439106,0.0264588652635543,0.26,0.29,0.16,0.24,0.0,0.0,0.01,0.01,-0.09
116,7,2,RFS,0.0045306666552364,0.0247579286666466,0.0249722459161848,0.7611862888396436,0.1024693633491785,0.0317275256216271,0.0162023840650838,0.0100214745884037,0.0241321222979952,-0.5,-0.48,-0.74,-0.62,0.22,0.28,0.0,0.0,0.55
115,1,0,BRZ,0.0225578078842823,0.0357237445248039,0.244122440664154,0.6335234796781094,0.0244066415401853,0.0103086482632168,0.0053784251808088,0.0019150453295304,0.0220637669349088,0.25,-0.01,0.14,-0.07,-0.01,-0.01,-0.01,-0.02,-0.04
105,10,3,TNT,0.0117166008102836,0.0065960586205171,0.0187378082328815,0.8328915120292102,0.0526934427049467,0.0292352323313159,0.0173185614965237,0.0081153403691291,0.0226954434051918,-0.06,-0.55,-0.68,-0.66,0.04,0.07,0.74,0.3,-0.04
105,0,1,BNS,0.0259622004575032,0.0170036866768827,0.0721483776400826,0.7096630910342683,0.0771648122237768,0.0284218357874164,0.0137417549470317,0.0105325693472805,0.0453616718857574,-0.04,-0.11,0.22,-0.02,0.0,-0.01,0.01,-0.01,-0.03
131,8,0,RPW,0.029141089067955,0.0183960156857554,0.0153813061535152,0.6353260419941427,0.1207670797690156,0.06150536922746,0.0337276833727683,0.0203186789549448,0.0654367357744428,0.04,0.18,-0.65,-0.64,-0.76,-0.01,0.3,-0.02,-0.56
121,7,2,RFS,0.0124300275175091,0.0887718275569423,0.0399432504950579,0.7037795856085999,0.0627759251798067,0.0261287750850813,0.0157732762980806,0.0091725030646447,0.041224829194277,-0.22,-0.42,-0.15,-0.09,0.51,0.06,0.05,0.12,0.69
123,0,1,BNS,0.0066877381292648,0.0025113705423172,0.0,0.6206442983563705,0.1569925713381858,0.0730101204070362,0.0453767194563229,0.0243311568121966,0.0704460249583057,0.62,0.62,0.12,0.28,0.0,0.01,-0.07,-0.04,0.0
102,9,1,RST,0.0571893306666172,0.0609826107890886,0.2649956480675568,0.4301067303715501,0.0513466298758619,0.0208398920967672,0.0143274258165274,0.0110742791533176,0.0891374531627128,0.46,0.0,-0.04,-0.01,0.0,0.01,0.0,-0.11,0.04
128,1,0,BRZ,0.0202102025121763,0.0326326582927454,0.0199589848756729,0.763947705716483,0.0797641630351192,0.0240656241989233,0.0186311202255831,0.0093514483465778,0.0314380927967187,0.02,0.28,-0.14,0.28,0.02,0.0,-0.1,-0.07,0.01
114,4,1,JNG,0.0102429437498612,0.0166274344340565,0.0706679842774977,0.6597010948013591,0.0788179254291488,0.0407108436410472,0.0283138282516488,0.020347094223979,0.0745708511914014,-0.17,-0.27,0.37,-0.11,0.0,0.0,0.0,-0.31,-0.02
125,0,1,BNS,0.0038857263393959,0.0087401087448271,0.0022315171263388,0.5968420146935965,0.1835894674612052,0.08251062329826,0.0427152345452173,0.0251017921524981,0.0543835156386607,0.23,-0.06,-0.66,0.5,-0.01,0.0,-0.01,-0.15,0.0
116,11,3,ZMZ,0.0344529948011765,0.0428587553365956,0.3616269727974716,0.3857619961357404,0.0839646506563265,0.0254695872147452,0.0095079376672354,0.0118185258712843,0.0445385795194242,-0.5,-0.48,-0.82,-0.74,0.0,0.78,0.0,0.13,0.0
126,5,2,PRS,0.0148452278215085,0.0076100316430869,0.0074531237741572,0.6434849818829526,0.1238467998058991,0.0659419847683139,0.0413190721514684,0.0252854125078817,0.0702133656447315,-0.05,-0.24,-0.84,-0.53,0.22,0.48,0.33,0.01,0.48
131,7,2,RFS,0.0269832351134863,0.0174138779634735,0.0447063640362912,0.7211035468036082,0.0859194989263329,0.0354201239617225,0.0197659275133173,0.0098873194039732,0.0388001062777944,-0.31,-0.33,-0.99,-0.95,0.19,-0.01,0.46,0.61,0.28
123,5,2,PRS,0.007615865175069,0.0033386604678192,0.0,0.6592416097631847,0.1466627923870405,0.0639256138311782,0.0353624872875199,0.0237570826674415,0.0600958884207467,-0.25,-0.24,-0.46,-0.58,0.0,0.0,-0.08,-0.04,0.55
127,8,0,RPW,0.0186323491970069,0.0099857488154322,0.0062956509088023,0.6419381611012098,0.1403229166322235,0.0617859941606515,0.0355519110144132,0.0235888516719516,0.0618984164983087,0.32,-0.39,-0.37,-0.29,-0.01,-0.01,0.0,0.08,0.0
113,5,2,PRS,0.0128060274593294,0.0704897891609133,0.0114873755050233,0.6951851776549489,0.0876409781260619,0.040570331492836,0.0218187521602365,0.0140811116177884,0.045920456822862,-0.15,-0.22,-0.38,-0.24,0.0,0.01,0.0,0.04,0.68
111,10,3,TNT,0.0551600646372887,0.0218369218674935,0.0117545030852451,0.4977944708913831,0.1533451044740733,0.0830801290250126,0.0518845263571646,0.0287623456597558,0.0963819340025829,-0.5,-0.36,-0.14,-0.06,0.0,0.0,0.28,-0.02,0.0
113,7,2,RFS,0.0016168946187859,0.0185106556357569,0.017901639625498,0.8477331308998426,0.0610216886898864,0.0240432658697992,0.010722112856671,0.005832829394029,0.0126177824097305,-0.15,-0.48,-0.42,-0.24,0.09,0.11,0.0,-0.02,0.46
132,11,3,ZMZ,0.0009684073678555,0.0013199525082414,0.0,0.8995045203398712,0.0524266564077393,0.0179487009412123,0.0101483785809515,0.0059829003137374,0.0117004835403912,-0.13,-0.22,-0.63,-0.53,0.0,0.81,0.32,-0.21,-0.15
109,3,3,EXR,0.0140101899791662,0.0216959920790445,0.0542007879700488,0.6266465892448276,0.1679902638255739,0.0572701582128344,0.0239773922729429,0.0127642896924441,0.0214443367231172,0.04,-0.29,-0.29,-0.42,0.14,0.36,0.32,0.2,-0.01
108,3,3,EXR,0.0128072354278499,0.0086358066206475,0.0178079987456831,0.783056819729084,0.0950970238856591,0.0375304811377974,0.0179812925240238,0.0073278511984089,0.0197554907308458,-0.22,-0.69,0.0,-0.17,0.0,0.06,0.32,0.4,0.0
129,6,2,BOT,0.0055360460341753,0.0013265836451187,0.0017257072959229,0.7941641805187459,0.1030830148479741,0.0434441786810542,0.0180897769788923,0.010417414425305,0.0222130975728113,-0.21,-0.27,-0.28,-0.18,0.83,0.0,0.0,-0.04,0.0
119,10,3,TNT,0.0347279838805262,0.0332308191362607,0.0749642863826628,0.5888348939196397,0.1224680760809217,0.0568797839092219,0.0250276039749723,0.0157576589333948,0.0481088937823995,-0.61,-0.46,-0.82,-0.84,0.0,0.32,0.53,0.42,0.0
111,1,0,BRZ,0.0105730329063356,0.0017273533278302,0.0,0.8318199883824023,0.0789894728260315,0.0333445432959328,0.0193218991714818,0.0071947578138534,0.0170289522761319,-0.14,0.09,0.36,0.42,0.0,0.0,0.0,-0.23,0.0
134,11,3,ZMZ,0.0009483450384311,0.0083693107587423,0.0,0.5427716875899435,0.1722274171192858,0.1071033032913541,0.0668616411011413,0.0361697471300956,0.0655485479710058,0.09,0.13,-0.04,0.1,0.0,0.19,0.03,0.0,-0.09
102,8,0,RPW,0.0432186964603467,0.0360613337037698,0.0759328716106712,0.6770455041574884,0.0543549443352979,0.0323338162237965,0.016616723885879,0.0115099918636264,0.0529261177591236,0.54,0.0,0.0,-0.01,0.0,0.0,0.01,0.04,0.0
116,8,0,RPW,0.0039709830580206,0.0088611445424607,0.003236962875772,0.6549113224266311,0.1667614500535636,0.0794527251325865,0.0344063694435994,0.0164923093200724,0.0319067331472933,-0.34,-0.32,-0.39,-0.64,0.0,0.01,0.16,0.21,0.0
106,11,3,ZMZ,0.0058706467661691,0.0203383084577114,0.0026334991708126,0.5407761194029851,0.1780033167495854,0.0987728026533996,0.0594228855721393,0.0348922056384743,0.059290215588723,-0.75,-0.99,-0.42,-0.87,0.0,0.74,0.0,0.11,0.0
109,10,3,TNT,0.0,0.0,0.0,0.9465768799102132,0.0331213368250405,0.006921062476618,0.0061853098890135,0.0026561915450804,0.0045392193540341,-0.39,-0.44,-0.58,-0.66,0.04,0.19,0.58,0.53,-0.02
124,6,2,BOT,0.0020183923490584,0.0024576726184836,0.0019638412044892,0.7215278914259956,0.1216490523891965,0.0567102214489358,0.0352400393916686,0.021986982374238,0.0364459067979339,-0.5,-0.53,-0.76,-0.64,0.82,0.94,0.0,-0.22,0.86
132,0,1,BNS,0.0131936155447605,0.0099680777238029,0.0011214434420541,0.795941707147814,0.0808438584316447,0.0365468424705065,0.0194253990284524,0.011619708535739,0.0313393476752255,0.45,0.27,-0.05,0.08,-0.01,0.0,-0.01,-0.17,-0.15
109,6,2,BOT,0.0070692481960783,0.0155569401812966,0.0234617493948643,0.7939035630504007,0.0884660994805739,0.031245962172918,0.0166537934757328,0.0077066864980805,0.0159359575500547,-0.42,-0.44,-0.63,-0.66,0.92,0.98,0.18,0.31,0.87
