Person,Trial_no,Blink_s0,Blink_s1,Blink_s2,Velo_s0,Velo_s1,Velo_s2,Velo_s3,Velo_s4,Velo_s5
01,0,0.015051095457749802,0.0372294660649559,0.022061803022986017,0.5170493969015226,0.1845653416817927,0.08502772643253234,0.044095851859252966,0.024296015053870877,0.0706233035253368
01,1,0.0102029369773608,0.02986436875382419,0.005098919029165817,0.8228329594126045,0.08989394248419336,0.02158882316948807,0.005313073628390781,0.0024576789720579238,0.012747297572914542
01,2,0.009450828442872998,0.03827519057841463,0.02271654825438812,0.6112997879877445,0.1861454311026631,0.06323149212763271,0.021653163900759654,0.01027495131693506,0.03695260628858922
01,3,0.006416181154995131,0.022442192477182328,0.030153988347719884,0.8475713413325852,0.04495865586162505,0.0160012543531004,0.00792223010777534,0.004910132202214924,0.019624024162801828
01,4,0.0038201741843955877,0.051097606005669184,0.0935442943088844,0.6585691559802661,0.08368291443753766,0.04212741502472286,0.02269894195611797,0.010416637746985645,0.03404286035542057
01,5,0.009407067070034263,0.029159873642484953,0.027892811164099123,0.6218312540140597,0.1319721130010491,0.0692234592549324,0.04184793506595409,0.021586559838187986,0.04707892694919835
01,6,0.006238324662616825,0.01860306291984585,0.011001718839223969,0.7474224585426883,0.10158655460255789,0.04281315729817987,0.024396612825008393,0.013257157286701808,0.03468095302317707
01,7,0.00646989718480153,0.03965545332155689,0.029592597991716475,0.7627961617945925,0.0842072768121286,0.033828687069638215,0.015460867626503854,0.0073831431094951855,0.0206059150895667
01,8,0.025674013123081808,0.041849666631389566,0.123806090591597,0.5040149751296433,0.10804714784633294,0.0515464599428511,0.03168324690443433,0.02609403111440364,0.08728436871626627
01,9,0.0068260755468424385,0.0687238542165141,0.055429832821351936,0.6146493570645714,0.12292493169293466,0.04967505904509038,0.026699186489865856,0.013133480495824393,0.041938222627004834
01,10,0.008072817563057189,0.042360456918978606,0.020893250400833483,0.701935854165237,0.1150282922933914,0.05059547947171083,0.0200759867990093,0.012477306898079119,0.028560555489703102
01,11,0.04742161181653278,0.04044491398728248,0.15096909655085347,0.42420980591491086,0.12007893635258238,0.06186005408601936,0.04043826951315938,0.023866951050159135,0.09071036072850014
02,0,0.031594317964149986,0.028068724095907258,0.04109954111758549,0.6387876398786307,0.11481776566182615,0.0488364152205717,0.025289889873772637,0.01670076591444744,0.0548049402731086
02,1,0.03309919060304912,0.023140908419460163,0.0834661953249558,0.7567071959412996,0.043388566567678116,0.012418563664240344,0.00605137556731646,0.0042787504011328505,0.03744925351086752
02,2,0.02979523249712741,0.02573707666660025,0.10115501358253465,0.6884518567225244,0.06639169506047382,0.02693924721541435,0.01016199414190926,0.008275715490731332,0.043092168622684494
02,3,0.002601046518213861,0.011327840782840935,0.8490739490160027,0.11470745851178313,0.007363096508846608,0.004095450129180954,0.0012199213150751776,0.0015771839859186226,0.008034053232137956
02,4,0.01677542195293223,0.031544121524664924,0.04151112023958545,0.7419987843092628,0.06905567474999237,0.033084551568324315,0.016409049402007832,0.010441617701345308,0.03917965855188474
02,5,0.05460572378149576,0.03840354664117857,0.18364210532431954,0.5736041346491852,0.05319961767858855,0.01737877418923748,0.010818882494269537,0.006280994616705354,0.06206622062501997
02,6,0.062031084452892384,0.03657146466749168,0.11875604762875527,0.6390602882188603,0.053164578769198084,0.017796179477829428,0.008154428802361339,0.006092851379792521,0.05837307660281902
02,7,0.04298181225022429,0.04195158804768221,0.0536446327465348,0.7763769590357101,0.025566730626419242,0.00989015234440395,0.003871925961220644,0.003107843011001936,0.042608355976802785
02,8,0.043218696460346755,0.036061333703769856,0.07593287161067122,0.6770455041574884,0.05435494433529797,0.03233381622379658,0.016616723885879092,0.011509991863626442,0.052926117759123655
02,9,0.057189330666617286,0.06098261078908869,0.2649956480675568,0.4301067303715501,0.0513466298758619,0.020839892096767225,0.014327425816527467,0.011074279153317655,0.08913745316271289
02,10,0.018033034355226248,0.019498572201325903,0.7945793969280314,0.14298114299372272,0.004176468368284,0.0017234221881171927,0.001408929088095807,0.0007044645440479035,0.01689456933314883
02,11,0.02198111878258419,0.03873534759824741,0.7016110093466723,0.1545522252863383,0.030234102940880452,0.0075954293229198114,0.0037171977428423816,0.002509443963579514,0.03906412501593564
03,0,0.054571342135282086,0.04340839136383948,0.08067466187805128,0.46836655111449105,0.11832949855536652,0.06229270689066581,0.04309753843335674,0.02868173378221977,0.1005775758467273
03,1,0.05912363417887802,0.033762385311758535,0.06786590767914787,0.6868463661266179,0.04957179662121567,0.025468172421869432,0.01645604423580208,0.010814553823280821,0.05009113960142972
03,2,0.07683973332092553,0.06744747179995081,0.3035967110467087,0.3689237784410042,0.043604554548898916,0.022121334990660914,0.01853193568328204,0.017827349893315077,0.08110713027525375
03,3,0.062356410732331044,0.051797314854915545,0.09511848048010889,0.45150858957701745,0.11229763451504465,0.06080554352533565,0.035579203530697684,0.02456639650229949,0.10597042628224958
03,4,0.03370661751233948,0.025395168588608262,0.06507026144698051,0.5937050629327144,0.10591128902411263,0.05927945234380639,0.0337454820029648,0.02026505582606475,0.06292161032240871
03,5,0.01539927433715725,0.03203025822325897,0.03198377861763843,0.7692781426749594,0.07155535285283104,0.031141335765766026,0.014350578235343673,0.00858710713839593,0.025674172154649268
03,6,0.017024653598405857,0.025846888178321516,0.8291278557857176,0.04458617174104453,0.016567032763334724,0.010189304416330692,0.008040224292135873,0.006800593169284953,0.041817276055424256
03,7,0.0010943323064992138,0.0,0.9955709700351134,0.0014820878481721636,0.0002412701148187243,0.00023265332500376984,0.0,0.0,0.0013786863703927103
03,8,0.0712148790415991,0.05175894364099679,0.2593540060230996,0.3906741238375749,0.05481020617533177,0.029711751662971176,0.026111129496640965,0.01977032796108151,0.09659463216070424
03,9,0.03554315689963576,0.050236182037807664,0.03122422310166177,0.5710693222857602,0.13009320617502496,0.05724595370275973,0.03394595462956956,0.02291691767766172,0.06772508349011866
03,10,0.056249414848796926,0.08137190650063976,0.3558593140467497,0.35833099272852104,0.04018350341728302,0.019299066878881502,0.01255812501950504,0.011559466966264082,0.06458820959335893
03,11,0.05367723251056142,0.0471344687408667,0.3812803889789303,0.35740096181948616,0.04147514414007493,0.022119191221404468,0.01518452586550469,0.014706273082339188,0.06702181364083216
04,0,0.03911676476383142,0.024300901605907477,0.008752431616424822,0.429218802465333,0.1861709360439786,0.09793066320343437,0.05926900268345002,0.041142533654126325,0.11409796396351396
04,1,0.029775094877868623,0.01756450421537913,0.00773286467486819,0.6592598252718983,0.10194340439622017,0.0575023560276101,0.03783907694658822,0.020142125773668525,0.06824074781589873
04,2,0.01672036403494204,0.010236822001527883,0.0056930281994220615,0.6484737768625237,0.1409373235460192,0.05950775567143854,0.03709436343707444,0.021137941342544923,0.06019862490450726
04,3,0.0246682292354417,0.0048403869008319025,0.00669731282186716,0.6966278225274,0.11876898190941503,0.057614221576653905,0.028117984946520534,0.01607685197411858,0.046588208107751224
04,4,0.03961629949955729,0.021594255594938397,0.027395283126226473,0.38045858649221026,0.18997948823279606,0.11899045467288033,0.06773046594186205,0.04221149602671248,0.11202367041281666
04,5,0.05681999831429161,0.02695680226931226,0.013689114683391995,0.6017397673141143,0.12505631137940354,0.05118159438949745,0.030168367391424394,0.01771737645646658,0.07667066780209783
04,6,0.023193715473579034,0.007913082426984875,0.0,0.5987240298147489,0.146363312698832,0.07857955002239551,0.042327525812268146,0.02899932239207084,0.07389946135912072
04,7,0.05013544327669861,0.026278567387316338,0.005263428600819518,0.7017076139695166,0.07186208788382739,0.03698115795429218,0.018096250450048864,0.015198793011812711,0.0744766574656677
04,8,0.024960224397246634,0.01127609395311606,0.02292265505869589,0.6034909913634845,0.1151689760221751,0.05687332338805442,0.04174370950082859,0.02767257319207068,0.09589145312432812
04,9,0.049754299754299756,0.04225365155013396,0.08089587989085477,0.3986949489462052,0.16151395799637006,0.0831244675465781,0.04783129406244984,0.030922425394787203,0.10500907485832109
04,10,0.03976056276488837,0.008669924910585547,0.00856381351859134,0.5145154142401488,0.16352389690966176,0.0900074277974396,0.05560236940496476,0.03258243918880962,0.08677415126491021
04,11,0.04240732514271696,0.031865166453392386,0.03220331116606884,0.5562281614873064,0.13375943987322889,0.07014845215915344,0.042115592449427475,0.021734085650066633,0.06953846561863906
05,0,0.025962200457503276,0.01700368667688276,0.07214837764008261,0.7096630910342683,0.07716481222377684,0.02842183578741644,0.013741754947031781,0.01053256934728052,0.04536167188575743
05,1,0.008906111558085772,0.007902964630159586,0.01967084559684696,0.895143139391594,0.033546862747094945,0.01013331160697009,0.006446619343931725,0.0040227719444755625,0.014227373180841421
05,2,0.005966420612720834,0.010291743350895959,0.044475745636473565,0.8662737776478483,0.02971250888651177,0.012796576948886777,0.00835830415456883,0.005102684889275725,0.017022237872818237
05,3,0.008072170819680249,0.007775035697483431,0.04034434659161253,0.8373928043777908,0.04361283293577754,0.020221695816172405,0.01531896629992489,0.007651229396568089,0.019610918064990053
05,4,0.01624468469469998,0.009891331536088491,0.08326060976626552,0.7539034490425502,0.06023178899974987,0.027942525221644757,0.013773936244128846,0.007748533948472805,0.02700314054639949
05,5,0.022268641453083327,0.022166958158777013,0.04261692126226736,0.6898543314178137,0.10850479073578032,0.04524035025537033,0.016536608891187254,0.010749376826667751,0.042062020999052895
05,6,0.013918801725276682,0.019659194679439686,0.0792656661899757,0.7372628749633867,0.0688789721853696,0.026068677957924842,0.014800392839297714,0.009189223338329973,0.030956196120999098
05,7,0.013626066811406157,0.016135455608227028,0.026408533634802566,0.8285693486294712,0.052825631736488486,0.020597542854451166,0.011022468878868463,0.005661112609892815,0.025153839236392132
05,8,0.011310683304174701,0.008552464042279467,0.05619292983076969,0.7770439429968019,0.06834695355674689,0.029288716766599752,0.015947402015418246,0.008684752735895545,0.024632154751313792
05,9,0.02431632517645461,0.03112761209921579,0.20205480508979357,0.59114069767083,0.06362550575425667,0.02514034584178186,0.014542267322179735,0.008055033470052868,0.03999740757543493
05,10,0.0117166008102836,0.006596058620517181,0.018737808232881507,0.8328915120292102,0.05269344270494673,0.02923523233131596,0.017318561496523784,0.008115340369129195,0.022695443405191817
05,11,0.019356293780513692,0.00687221396731055,0.11835332201231161,0.7622187433665888,0.03766450859690087,0.0164243260454256,0.008902037783909997,0.0046433878157503715,0.025565166631288473
06,0,0.008189053317676973,0.0077587810247142855,0.0,0.45100864153321285,0.19039132571057388,0.10921143580476186,0.06693371308333125,0.04695242298819943,0.11955462653752946
06,1,0.006749425662080453,0.010636076062206783,0.0,0.8649147025413498,0.06140194485337191,0.02514352080605971,0.014782515676496208,0.004034373678768089,0.012337440719667062
06,2,0.00970783470766859,0.016910636092413802,0.009667966803324983,0.8198834528263022,0.08591533386047562,0.02408021422353934,0.012810886595746095,0.006631361422486827,0.014392313468042553
06,3,0.004555921459875703,0.01733230990170104,0.00822872046285521,0.7665750530286148,0.1129488861927518,0.046318534842069645,0.018446529823953253,0.007395118891392445,0.018198925396786095
06,4,0.01732720685203437,0.02312700417840832,0.0083845801463137,0.46549412107666893,0.15487596651720645,0.10035953745991644,0.06783736135596985,0.04638172050474062,0.11621250190874134
06,5,0.017417675629197556,0.02430224721712254,0.0025795356835769563,0.5644302944388929,0.17914991517743023,0.09391485208338175,0.043712672259533826,0.027114173502823545,0.04737863400804072
06,6,0.009481272977941177,0.026628561580882355,0.001235064338235294,0.6719784007352941,0.14477826286764706,0.06150620404411765,0.03129021139705882,0.014585248161764706,0.03851677389705882
06,7,0.0116066759817242,0.02947529938194879,0.0044017932914441485,0.7982804289498273,0.09023033337047927,0.025442108060382145,0.011529526732214955,0.007843507033439914,0.02119032719853931
06,8,0.009286758431834267,0.01803774233875502,0.0051659247402155006,0.6646712924072151,0.11901470403418374,0.07391042643683483,0.04007725736359247,0.024050323118340024,0.045785571129029055
06,9,0.011553911564100744,0.022431632152109006,0.0039583416956646585,0.48977222553284777,0.22503882694759983,0.10081729566836384,0.0550030413155774,0.03209282650915637,0.05933189861458041
06,10,0.007304323960178647,0.015781331869557623,0.012281993063699195,0.4117742458644178,0.18034382095361662,0.11462361835375134,0.07815813767808578,0.04423763067940817,0.13549489757728486
06,11,0.005870646766169154,0.02033830845771144,0.0026334991708126037,0.5407761194029851,0.17800331674958542,0.09877280265339967,0.0594228855721393,0.0348922056384743,0.05929021558872305
07,0,0.0030448793567171926,0.0028145010644587357,0.0011158081143120432,0.6044016132031742,0.17911218312576158,0.08497350649639028,0.04805746689352915,0.026374151000480187,0.05010589074517663
07,1,0.011708325694147365,0.0026278799731100652,0.006982215975065697,0.8018497015624682,0.10156043105380023,0.0356087921937705,0.017458086332987025,0.008881826885860375,0.013322740328790564
07,2,0.0029373845315469782,0.005981099724869413,0.0,0.8926193229395112,0.05997049324135731,0.022223108311070352,0.008758988263753207,0.00295067586426891,0.004558927123622686
07,3,0.022368502507170714,0.013974123522007387,0.07154206475310043,0.7660675594808196,0.06121210870596975,0.02582695363281814,0.011167743133653867,0.008526443944615257,0.019314500319844823
07,4,0.0043420442588680145,0.0006413121635540354,0.0,0.708069705912565,0.13286544382410834,0.06055541520104164,0.03375911648838559,0.019855690881984682,0.0399112712694927
07,5,0.005035477890968683,0.0033676392819577054,0.008147420661440386,0.7044729455656995,0.12697656309020858,0.06466797226855107,0.03375775080050442,0.01899708854653967,0.03457714189413002
07,6,0.0021821397603091746,0.0019983806225989283,0.0,0.8076099252904255,0.09085166617855646,0.03848031193113626,0.021643380938434948,0.011708902555974756,0.0255252927225639
07,7,0.005657369151908933,0.0,0.0,0.8325590166463801,0.08846068128439423,0.03342133685347414,0.017434983113610258,0.008674632699593699,0.013791980250638597
07,8,0.008449241717758951,0.007238900242729684,0.009371879071674702,0.6352837688578478,0.12552497734743415,0.06844051138580792,0.043261440372494166,0.02763943729042243,0.0747898437138303
07,9,0.006679507123984492,0.0075129021902857005,0.0012408326542706868,0.6215583870410154,0.17230905993036522,0.08017877867496358,0.04150924759858755,0.02697113366422204,0.04204015112230536
07,10,0.013894261364345342,0.016583271983129734,0.08665352316542095,0.6562184150434859,0.10996868020114547,0.04381028437379119,0.027177100360614416,0.014861306946506782,0.03083315656156025
07,11,0.017674356934500132,0.01671970299655264,0.04330416335189605,0.6107928931317953,0.15180323521612304,0.06725006629541236,0.040891010342084325,0.015685494563776187,0.035879077167859985
08,0,0.020783078182903304,0.016799677996918765,0.05708337381504254,0.7384807561520632,0.08160002220710905,0.032100376132909544,0.016050188066454772,0.009071604047245625,0.028030923399353216
08,1,0.03257169645950959,0.02937669431931677,0.22385907339842237,0.6307046330078881,0.030237867144982777,0.013004219237276043,0.0070728277042865,0.003974643810766189,0.02919834491755162
08,2,0.04685453687268569,0.038637708329178386,0.12932197868676998,0.5804298544770414,0.08248738557268503,0.04226747239451414,0.016327290374477308,0.01744414085611908,0.046229632436528986
08,3,0.01280723542784996,0.008635806620647541,0.01780799874568313,0.783056819729084,0.09509702388565912,0.03753048113779744,0.017981292524023883,0.007327851198408998,0.01975549073084588
08,4,0.019917563263780823,0.029879133689183386,0.75492082615219,0.13293620913720305,0.016621209332418608,0.008466777102889747,0.005142535236406026,0.00356965569555299,0.028546090390375315
08,5,0.05145275986580069,0.04827802747946018,0.5750742805975009,0.2028281865068059,0.03601518754760645,0.013268753307012902,0.012419832192716721,0.007512370408703186,0.05315060209439305
08,6,0.032995927462067094,0.03431207012500469,0.6899906773228042,0.16734061252586827,0.020833152940972734,0.007048290313363178,0.0048951270972415846,0.0036078472119999883,0.03897629500067828
08,7,0.03868188689617261,0.04388270459699031,0.5930778877207449,0.21992888064316635,0.0282415996701711,0.011080189651618224,0.005857898715041572,0.004019789734075448,0.05522916237201952
08,8,0.03323030391467572,0.024614302959553216,0.6940490561532441,0.15179151798150778,0.01932796519109083,0.012370163034105833,0.010055317511905868,0.007713940808935701,0.04684743244498096
08,9,0.05051853499956737,0.05356237870978109,0.3492262147563071,0.3515284112680931,0.07273704898579746,0.028695566185832067,0.01970927429821634,0.01339909271826059,0.060623478078144895
08,10,0.015406276399361723,0.010512812490222458,0.05516097744125653,0.7600638277901192,0.0814868120521886,0.03419167109915209,0.012440161446763243,0.010262507430931447,0.020474953850004692
08,11,0.03370115522172162,0.026846795437504564,0.5833040270193156,0.17656777721008315,0.05588327018652087,0.03459693312188551,0.019229365590184927,0.011028021259795497,0.05884265495298825
09,0,0.007152353171376155,0.009486512665798873,0.003535932456473893,0.7272141903575067,0.11960555202455725,0.0511849814460687,0.029808410190368607,0.015775698651960445,0.036236369035889435
09,1,0.00385093420811345,0.004991951751258176,0.0,0.816428615089957,0.09265673709733287,0.03377208174575684,0.020222498420913223,0.012867010330283828,0.015210171356384604
09,2,0.004359122593677944,0.00946248563017895,0.012153712231458778,0.8467595638219405,0.07539421485955784,0.024147944368026898,0.011097156602808179,0.005581803321172976,0.01104399657117796
09,3,0.014010189979166237,0.021695992079044536,0.05420078797004889,0.6266465892448276,0.16799026382557397,0.057270158212834425,0.023977392272942925,0.01276428969244415,0.021444336723117227
09,4,0.00859587719858225,0.012631526358007045,0.02213500828501564,0.6057137464646437,0.14533332963260048,0.06657433338236804,0.036121002861591665,0.023009306417903407,0.0798858693992878
09,5,0.013246533678440395,0.013220389204075053,0.00124912488634416,0.7845550065215939,0.10486839162098646,0.035690112450289184,0.0191145157026618,0.008081547520487101,0.019974378415121966
09,6,0.007069248196078319,0.015556940181296641,0.023461749394864315,0.7939035630504007,0.08846609948057392,0.03124596217291806,0.01665379347573284,0.0077066864980805064,0.0159359575500547
09,7,0.0075428679183827405,0.00858429797756854,0.010191443130633044,0.8393583419404885,0.07549725071035816,0.02465146378780541,0.011185730265328951,0.005768579669399527,0.017220024600035144
09,8,0.006495654129569118,0.0007640000529177526,0.012954927304237389,0.7390890208892829,0.11442802524176798,0.049167206868724285,0.028139014936035666,0.015703343079019435,0.03325880749844554
09,9,0.009699536632575254,0.008245532255126831,0.009403179052458379,0.6603217331979144,0.15079044123321797,0.06288954814730206,0.031487992887418076,0.02061537416688019,0.04654666242710684
09,10,0.0,0.0,0.0,0.9465768799102132,0.03312133682504053,0.006921062476618032,0.006185309889013593,0.002656191545080434,0.004539219354034169
09,11,0.0176511964326003,0.010239021088534686,0.024784668675098542,0.6716612032011042,0.14504505700142006,0.0558069781948002,0.02974160241011825,0.014558919162828969,0.030511353833494806
10,0,0.02039603905423675,0.011098865406130193,0.006068564226563432,0.49077084090978496,0.17249602323044166,0.0886576702376623,0.05855359408356629,0.03862671667356066,0.11333168617805378
10,1,0.019313857925075017,0.006960413293873805,0.0,0.7296266124957465,0.12072965754766594,0.04442290440001238,0.02428410860307083,0.017303071862400363,0.03735937387215525
10,2,0.02116120799659719,0.013225754997873245,0.0,0.644845278604849,0.15581135686941727,0.05149404508719694,0.03057209698000851,0.01617662696724798,0.06671363249680987
10,3,0.011265153870065278,0.01876696715366283,0.6439830069422857,0.17172935447103926,0.06161434048285152,0.029360688011605015,0.01674437882084758,0.010958449901564605,0.03557766034607813
10,4,0.02170050690962795,0.02605615426042829,0.00908606359411696,0.5842896880257175,0.14360033534875716,0.07051207311047077,0.0448168074132063,0.030081449772640205,0.0698569215650349
10,5,0.016272137777157997,0.012721958815599869,0.002829684376888393,0.6330067865941523,0.12938688235020684,0.0665585924789662,0.043514386649932596,0.027402035978245712,0.06830753497885
10,6,0.01933987183315341,0.008682270252888348,0.0016365390357626847,0.5675230263913453,0.1541619771688449,0.07752601235730527,0.04667868709373636,0.028211636079656384,0.09623997978730735
10,7,0.021239749838183542,0.016747467733155014,0.005508189413131352,0.6876106460227444,0.11986848929868103,0.06315771425142205,0.03112877160946294,0.018689265246111048,0.036049706587108696
10,8,0.02652856731847178,0.013985204586115327,0.0015873488298262844,0.4869192535492128,0.15153228766729168,0.08471151588506272,0.05622521834313852,0.041734046317516066,0.13677655750336484
10,9,0.026736135761047716,0.015232374738024761,0.011846373707100108,0.5374512702905417,0.17160882891280663,0.0850358508677978,0.04725585759658745,0.03248338637142301,0.0723499217546708
10,10,0.02326190698980069,0.011896073110632855,0.028614204173294657,0.46093384485823896,0.18024391004647392,0.10892985246873148,0.06364118399301331,0.04069742054209164,0.08178160381772247
10,11,0.011381197148068314,0.0013331122533576521,0.0,0.5310164151881943,0.20617476372077598,0.08899353341071133,0.04671862046095175,0.035655778477864365,0.07872657934007628
11,0,0.042560633357298906,0.031506860723019996,0.03199264932447625,0.4606719427935343,0.1572678138680154,0.08120719855429312,0.04367100730348463,0.030279897512484766,0.12084199656339263
11,1,0.010573032906335668,0.0017273533278302608,0.0,0.8318199883824023,0.07898947282603157,0.033344543295932824,0.019321899171481857,0.0071947578138534755,0.01702895227613195
11,2,0.012330087407358171,0.0027917179035527933,0.0,0.707261790022932,0.14824022067865333,0.05857290039549337,0.02525840007976337,0.012788726777227559,0.03275615673501944
11,3,0.042500360906597374,0.03029553094516282,0.0658706098290334,0.5356018890882468,0.12807853327558827,0.05230052176782363,0.032700200045371115,0.019856049825733673,0.09279630431644291
11,4,0.0017129420126096963,0.004594682383904453,0.0015019475345572865,0.6662206169367488,0.1207221563635657,0.06614676886943051,0.0425153873275606,0.028301022490345613,0.06828447608127729
11,5,0.005200646158494776,0.0020105291294292655,0.0,0.6650725766151057,0.1760840006043209,0.07358187967041269,0.03543993398956384,0.016642067707183284,0.02596836612548956
11,6,0.007618374842420535,0.0041810605995342255,0.0,0.552250335260182,0.19428148071571946,0.0937809595189483,0.053371698010263126,0.029181275970100822,0.06533481508283152
11,7,0.032023420689418686,0.008645594904371234,0.0,0.5911923805604848,0.18811991530145994,0.06759595024389407,0.03060463441606872,0.01826848065564214,0.06354962322866034
11,8,0.0043348300786287255,0.004996131387344015,0.004867177632144534,0.4872401912483385,0.1823670619044155,0.10078893246129735,0.06338573044036054,0.03711884245818922,0.11490110238928163
11,9,0.010047830638163847,0.004224164816535999,0.0025474678169899122,0.5558111600705262,0.21241867401984246,0.08805283911428403,0.04161790453016974,0.026407205782906337,0.058872753210581406
11,10,0.05516006463728873,0.02183692186749356,0.011754503085245104,0.4977944708913831,0.15334510447407335,0.08308012902501263,0.051884526357164694,0.0287623456597558,0.09638193400258299
11,11,0.03971507023757412,0.025773674506214598,0.022351333784339476,0.39306511732792127,0.17140886359717192,0.09857137172191492,0.06859272818921035,0.044278191200074285,0.13624364943557907
12,0,0.040441727601312524,0.023160717557506205,0.0458633842463814,0.4118515804143001,0.15507659165736684,0.09033318342577633,0.05593217515865216,0.03845961656978197,0.1388810233689225
12,1,0.0008710224581170634,0.0024908186082996725,0.005669286525639132,0.6993240661977068,0.1418595056056153,0.06248949424666745,0.03398515696232191,0.016615644785835444,0.03669500460979722
12,2,0.049357364062894586,0.04303733535361591,0.018361976155349097,0.533833087443678,0.14047609553809962,0.055291944123237236,0.03636508632720603,0.024549091537408457,0.0987280194585111
12,3,0.005409397745465348,0.004122035352951856,0.01413622934856162,0.5181055967254782,0.15393883378170956,0.10633943455082606,0.0786446384657281,0.03736651867500702,0.08193731535427223
12,4,0.013061825046500653,0.01516337691901946,0.16982593487132505,0.5685072596540907,0.08166347408456179,0.04484606201937758,0.028794314427694957,0.01919435884622859,0.05894339413120124
12,5,0.01147525267344336,0.005560413573916605,0.003924826927043539,0.5360366510855008,0.18715410828571347,0.0916741957881465,0.051606680630645024,0.029585816006670172,0.08298205502892055
12,6,0.006696838816394045,0.005163343135453042,0.0011371990442933285,0.45934800588127184,0.1807916743245727,0.10388140966734057,0.06368888990994302,0.04236927954420144,0.13692335967653005
12,7,0.004574412443087793,0.002199319197098442,0.0,0.82093340307133,0.07517127251837054,0.0354034657497835,0.023416533049808362,0.012990130930230563,0.025311463040290843
12,8,0.0405794704724735,0.045818518579768146,0.22687658138881078,0.3760273859332881,0.09604260034067043,0.05466602722055929,0.03313433329474607,0.028728770113611933,0.0981263126560717
12,9,0.014528672232160604,0.003916343669250646,0.007649448419797257,0.48094936394355,0.17053021268137547,0.10252683363148479,0.06856241303915722,0.04368540051679586,0.10765131186642815
12,10,0.013805585894835389,0.010397877984084881,0.37611483850834765,0.19873303167420814,0.10129505383055079,0.07751599313465439,0.0608394445311281,0.04038071462006553,0.12091745982212514
12,11,0.0015385431587882647,0.0,0.0,0.6546766406705926,0.139516685235291,0.06735105310626559,0.05135550957610483,0.030784126478858295,0.05477744177409942
13,0,0.012788725042411589,0.017808702219285263,0.025335891448546623,0.5355549323774645,0.17381670974925104,0.08928784626875202,0.04799520214570706,0.02894816484849831,0.06846382590008357
13,1,0.0018437780132018581,0.006417569880205362,0.004645098199005786,0.8871628229158178,0.0477446825849564,0.025609159807676637,0.013089805231847445,0.006061038220193953,0.0074260451470947765
13,2,0.004213548485714476,0.01654183309297055,0.0055161596895000236,0.8206716422870131,0.07907381685020635,0.03211335375863146,0.01658835492167718,0.008679644041550638,0.016601646872736214
13,3,0.005768230993307532,0.00898243123922067,0.7295079261600416,0.1881070464841848,0.02531750026819386,0.0069482839719097874,0.006222097523539169,0.0020382733266766243,0.027108210032925954
13,4,0.012697663441113996,0.024917741465243167,0.05969817712310319,0.6227325105165975,0.12820947118521706,0.06229157700370684,0.031653917172250065,0.016482250204778632,0.04131669188798956
13,5,0.012806027459329463,0.0704897891609133,0.011487375505023366,0.6951851776549489,0.08764097812606196,0.040570331492836,0.021818752160236543,0.01408111161778844,0.045920456822862055
13,6,0.006755612211206909,0.013804072890557934,0.003657734788388271,0.7494968461368406,0.10273239105032113,0.047131376990723596,0.02636784638662314,0.015865496421219455,0.034188623124118946
13,7,0.0016168946187859995,0.01851065563575696,0.017901639625498043,0.8477331308998426,0.06102168868988647,0.02404326586979924,0.010722112856671084,0.00583282939402907,0.012617782409730532
13,8,0.006533203286439305,0.012229918500272767,0.010851201005108198,0.6604288241225967,0.13476384916764478,0.0598832884230712,0.03741383015655222,0.021173397695524954,0.05672248764278984
13,9,0.016681001661626296,0.03562169177602881,0.04122004679682226,0.6330087150603765,0.11821284230580706,0.0535419768728748,0.027967112747047454,0.0163079835132144,0.0574386292662024
13,10,0.035777616823596994,0.04047928269936812,0.32386548115587305,0.34465146482179876,0.1011014261095432,0.05289842403656435,0.02939633856989435,0.017395539349134594,0.05443442643422663
13,11,0.004866180048661801,0.020485689850633464,0.009990917347865577,0.6421103575382698,0.14190152283590896,0.05920298070102163,0.03284340049192174,0.024118750704402767,0.06448020048131427
14,0,0.014224601008825138,0.022577806402180885,0.02631162536331863,0.3916484602507905,0.15383889334602924,0.09761229911637578,0.06703662473870207,0.04848690109682667,0.17826278867695108
14,1,0.0113839615574727,0.012989130711726908,0.0,0.8815283248658538,0.06086393770924527,0.017213528263716554,0.006125121661630342,0.0029555495538648906,0.006940445676489622
14,2,0.013184826816236476,0.015856349185252132,0.006977856933996119,0.680613519763949,0.130319785214918,0.05304500385443526,0.030596241261064888,0.01988356947287275,0.04952284749727531
14,3,0.009205466338774365,0.023081747511924607,0.506440938124082,0.32415124857647426,0.05610754427371305,0.030467576622819324,0.012667315849411609,0.008062519599267194,0.029815643103533646
14,4,0.010242943749861207,0.016627434434056537,0.07066798427749772,0.6597010948013591,0.07881792542914881,0.04071084364104728,0.028313828251648864,0.020347094223979036,0.07457085119140149
14,5,0.006894948643819098,0.024337163860357676,0.032577397469237136,0.6501009690119565,0.11944852033181759,0.067368849243822,0.03795272616332283,0.02014150189589296,0.04117792337977424
14,6,0.00619625296102218,0.022531045868925417,0.03699375493503697,0.7009231210968344,0.09783647979326682,0.04296604694566076,0.029396310386906897,0.020328763190007895,0.04282822482233867
14,7,0.005442569064695582,0.02566397191376217,0.031455037495643795,0.740576611151028,0.08085119198716156,0.04579502381392867,0.02442057075985148,0.01375915878964148,0.032035865024287194
14,8,0.008606836532929499,0.011890197530700914,0.003309813050120026,0.6460450875232282,0.13311995344438787,0.0669435314812488,0.04102713319269659,0.024316049121461212,0.06474139812322689
14,9,0.005739213119612735,0.018029588283237422,0.03587085381214651,0.7576378769542345,0.07258144187310134,0.03834992220109165,0.022882758280026675,0.016276025587196524,0.03263231988935266
14,10,0.010639294795304467,0.010620552643580502,0.0,0.48838298962309534,0.16598049566743925,0.08966245384745138,0.06029974947990529,0.042907032680065224,0.13150743126315856
14,11,0.013501953008428774,0.014828274522026884,0.007394242438309471,0.39363896202078347,0.14933053921601136,0.09798863342462846,0.059273308442699596,0.05307938697419642,0.21096469995291559
15,0,0.03981671757845043,0.03158011663426826,0.6458039433490697,0.2429325187447931,0.0084309913912802,0.0012496528742016106,0.0008719800055540128,0.0002665926131630103,0.02904748680921966
15,1,0.02255780788428237,0.03572374452480391,0.244122440664154,0.6335234796781094,0.024406641540185393,0.010308648263216869,0.005378425180808801,0.0019150453295304064,0.022063766934908833
15,2,0.02122893888538101,0.0464457811305706,0.21653650593200624,0.5902628692964674,0.05467415506297564,0.01916852214947991,0.01208334718022,0.007390914226845236,0.03220896613605397
15,3,0.01266261495995742,0.024986900031770003,0.44882347844384757,0.41502349742332906,0.03725754743838889,0.016066543712634145,0.00996835377753572,0.006824361402336126,0.02838670281020106
15,4,0.04430750603309664,0.014373904808982024,0.5174938974776241,0.3787535025284854,0.009297494841667663,0.0025937455741091983,0.0006053924359269863,0.00012774335803963932,0.03244681294206839
15,5,0.035758899779793275,0.04315238421716218,0.292058613336742,0.4737291631563352,0.051890930852763625,0.02908588062355108,0.015646879048985828,0.00769852014107175,0.05097872884359512
15,6,0.05018198113830854,0.03514663342075705,0.42299770476827925,0.4159626328232499,0.019039794549471006,0.0062450985743135136,0.002608348438581725,0.002395773786098192,0.04542203250094079
15,7,0.03356817772749479,0.0434376419565795,0.403250966376111,0.44293881189306866,0.023167313774395105,0.006505361137538248,0.003471240132678512,0.0028969855922107083,0.040763501409923464
15,8,0.03736796662818278,0.029048168817463967,0.18467635490305698,0.5617897985715751,0.07721037014003063,0.035449285622132315,0.01673883774244023,0.007396846085394537,0.05032237148972348
15,9,0.04003868112249642,0.0336910097384685,0.5462220817138713,0.33834204278479285,0.0063352735883559904,0.0031800345898499245,0.0007252710468078775,0.0014195476044359314,0.030046057810921217
15,10,0.021960334146447977,0.021118105422081365,0.02260916220077485,0.7606885063853415,0.09859690933251813,0.03044500870303015,0.012227913331544897,0.004367111904123177,0.027986948574137964
15,11,0.012679381415952679,0.04759410063927425,0.13369718029655958,0.5439932093689488,0.11239024907822488,0.05455051858139473,0.03050478792540916,0.017785617655640733,0.046804955038595185
16,0,0.011330233849143015,0.004418846714315454,0.008468530983276663,0.4460370550274096,0.2564096870446187,0.12752480743876204,0.061730622441190756,0.028844632572340573,0.05523558392894317
16,1,0.003041402815208033,0.00586883759316525,0.002037790830960156,0.7908156767248625,0.09729432322419265,0.040368636361320695,0.025370495845453943,0.014020000917005873,0.021182835687830824
16,2,0.018968929743228703,0.010786254167718282,0.1351602662026275,0.5513741847212444,0.1478195029290259,0.06098484345319536,0.028426827486351138,0.010321329419109735,0.03615786187749897
16,3,0.015697084237717568,0.01355957381838589,0.02998291642251731,0.6729774117142173,0.15859667076562486,0.049657915803547115,0.021086251433947628,0.011290016423342604,0.027152159380699682
16,4,0.0047579919830333444,0.011056640646687172,0.006281992915755227,0.7794390344107751,0.11433060549195527,0.04146170843558112,0.018371289932155588,0.007839305344274308,0.01646143083978281
16,5,0.006022241331226179,0.010577414706702612,0.002306637538347123,0.6400890118062657,0.18131797899042484,0.07529980477828391,0.035424607232499766,0.019324625825044156,0.029637677791205727
16,6,0.006790727856915201,0.010833579790334483,0.01441127404391433,0.6759832198674014,0.14961423497354057,0.06152141017431927,0.028317191596151252,0.018129664138927092,0.03439869755849645
16,7,0.004530666655236414,0.024757928666646663,0.02497224591618481,0.7611862888396436,0.10246936334917853,0.03172752562162718,0.016202384065083862,0.010021474588403722,0.024132122297995277
16,8,0.003970983058020659,0.008861144542460753,0.0032369628757720438,0.6549113224266311,0.16676145005356363,0.07945272513258653,0.034406369443599476,0.016492309320072476,0.031906733147293385
16,9,0.011240325632943632,0.007804323867091871,0.0,0.6790749653467028,0.17204088626000624,0.05998956542141188,0.029840425039284028,0.012867255489730584,0.027142252942829004
16,10,0.005322434717499142,0.011462265622562631,0.03670795245374848,0.5150219948210776,0.16678626025645024,0.11202695535519296,0.06079930115745796,0.03459270583096746,0.05728012978504352
16,11,0.03445299480117654,0.042858755336595604,0.36162697279747164,0.3857619961357404,0.08396465065632656,0.025469587214745272,0.00950793766723546,0.011818525871284302,0.044538579519424214
17,0,0.004608039085054408,0.009102265156562293,0.003245058849655785,0.5739673550966022,0.16637797024206086,0.0821063735287586,0.050660670664001775,0.02967466133688652,0.0802576060404175
17,1,0.003871171487803263,0.008771259607891078,0.0020323650310967133,0.8160735115090947,0.07086281281357762,0.03532953347289925,0.021159008368861518,0.011399581302241713,0.03050075640653413
17,2,0.006843762873583075,0.0039866579846115,0.0,0.8358825796334932,0.08548723605001927,0.031202243159559342,0.013926725226242841,0.006019853556763365,0.016650941515727366
17,3,0.00900949236483698,0.012228642179116797,0.021683862979777136,0.7545604622368964,0.11123400742880726,0.040313660751134954,0.018002476269087908,0.009954601733388361,0.023012794056954188
17,4,0.006212249067329899,0.008335739030023095,0.003583562799786818,0.6751587759815243,0.11881550897139811,0.06276647717178895,0.03952744714869426,0.02438266121868893,0.061217578610765676
17,5,0.0030651585892716546,0.003236575041183529,0.0,0.6077265239358379,0.14770868500338474,0.08427297634162427,0.05175614702301919,0.029843894814216527,0.07239003925146212
17,6,0.00611729701630992,0.0018179572823118213,0.0,0.5880474334636251,0.16494874968767323,0.08000735224430129,0.05120148882947101,0.031959286947181594,0.07590043452912609
17,7,0.002105127765391871,0.004043045789744469,0.0,0.781401131881324,0.1014663008060367,0.04711884753901561,0.02818555993826102,0.012836563196707255,0.02284342308351912
17,8,0.005239914652905275,0.006341487619709225,0.0,0.7660067152946625,0.09896954961213385,0.04582940505135712,0.025504887609785143,0.018452174200697995,0.03365586595874891
17,9,0.0038402528886789717,0.005964122653478917,0.003861862028727808,0.66092480945369,0.17403383991331647,0.06761808623281687,0.032351969673115454,0.017663928479920477,0.03374112867625495
17,10,0.011739774581325132,0.0137589157899343,0.003750726703298764,0.5887890778838399,0.15202945570704324,0.08424132175609024,0.05981158849527096,0.031531109152398276,0.05434802993079909
17,11,0.00886229610417178,0.008504089525110944,0.025930176250903807,0.4995257079555028,0.13633077060848683,0.09974063190293929,0.06870932862800247,0.05182055177080086,0.10057644725408123
19,0,0.03807705859993841,0.03467831211313248,0.04499108002452647,0.6161469590236026,0.11362633764951016,0.05071762104392845,0.02766163467220824,0.016757901045149227,0.05734309582800401
19,1,0.07581264240675703,0.10429144514504463,0.3796494053960373,0.22969604599833826,0.06716246731334839,0.030186409489196202,0.020634006351277646,0.012488467282764386,0.08007911061723612
19,2,0.013448741216436317,0.034755323321566514,0.05407417748615571,0.6675176003669652,0.1201013142936918,0.04431503161085738,0.02052877551970111,0.011726930057238587,0.03353210612738743
19,3,0.016402572596647704,0.03774324363348336,0.05309384037194566,0.6121756923445035,0.12556053811659193,0.05169945668540971,0.024612109686016147,0.01637782022351393,0.06233472634188803
19,4,0.017184571207348422,0.03230810794250271,0.06930924708182586,0.4741716173271725,0.14281854819617706,0.08098751403035291,0.054684257874405014,0.032725885200379896,0.09581025113983561
19,5,0.008831837626708826,0.02306333116339626,0.016079814935366876,0.5642785734213708,0.15927531851576304,0.0794545708174463,0.04694038872872687,0.03307797823863108,0.06899818655258998
19,6,0.02447422911347691,0.024488588553229006,0.018931485369166837,0.5203803528401536,0.17748841911183993,0.07983848502166839,0.043899679210115936,0.027110622251962216,0.08338813852838718
19,7,0.00590143700205286,0.021724316749023927,0.008464297806139724,0.7151753073932963,0.10921729888185555,0.04436577766539666,0.025448607783725406,0.014640020914315592,0.055062935804194
19,8,0.026806688768454,0.02124153812558315,0.03631575116299075,0.6361476717024331,0.13325260225385294,0.04675785308266995,0.02578762432255375,0.014379396369748344,0.059310874211713945
19,9,0.03521087646107703,0.04498327552796258,0.07096174971303028,0.4153717029338797,0.17281131586418,0.09260173539540108,0.04723583356990336,0.0310729581949913,0.08975055233957467
19,10,0.03472798388052625,0.033230819136260706,0.07496428638266284,0.5888348939196397,0.12246807608092175,0.05687978390922191,0.025027603974972397,0.015757658933394883,0.04810889378239958
19,11,0.06143561992678657,0.04780094434718022,0.11302986895856544,0.3971165579075813,0.1506578598334129,0.07305427343625656,0.045081967213114756,0.022812881319963924,0.08901002705713831
20,0,0.018000238707868755,0.02204716978513516,0.04864921878686441,0.6661836995833715,0.1041932090387012,0.04542666255867078,0.02868935501688997,0.014855401320665162,0.051955045201833056
20,1,0.011234352878866583,0.028350699218789785,0.03147757712795755,0.6964483963292287,0.13317240606634684,0.036167893991709194,0.01913812244731669,0.012110286104236053,0.03190026583554863
20,2,0.017502940414249546,0.01964927669131963,0.03792968256816113,0.7488919455907076,0.095355806736705,0.02943736751523367,0.012160357235412556,0.008638505139910558,0.030434118108300275
20,3,0.013210715449770814,0.02027403364152835,0.012538214944363992,0.792799706245178,0.07019585030056234,0.03384781684881941,0.02030703980130292,0.011329364342620442,0.025497258425853726
20,4,0.018224214748705708,0.02133607228614654,0.2127999777922745,0.4555470734381723,0.11868363707024582,0.060999070051494166,0.033583632906297275,0.01847127569503241,0.060355046011631296
20,5,0.03590439441661533,0.04411559605304448,0.07482479283132461,0.6126555944259132,0.11109238618798015,0.04091072860612963,0.02035657419137388,0.01154100951871782,0.048598923768900876
20,6,0.024936188050727986,0.03606774833543408,0.0580092968770188,0.6086611980280744,0.1136814541946487,0.05443180806743825,0.03151405872709158,0.019024430860578426,0.0536738168589878
20,7,0.010280826408738918,0.018354639228273774,0.020291668630837336,0.7904451310708944,0.08768057870896133,0.03228668035157941,0.014424869400506541,0.007302429429133436,0.018933176771074835
20,8,0.015884249689954527,0.014564696155436131,0.03807854485324514,0.6455758577924763,0.13161802397684993,0.05243819760231501,0.030313352625051675,0.019035965274906988,0.052491112029764364
20,9,0.024808541768916628,0.02061667916817148,0.1464775080951102,0.5186550232898405,0.13207762662789657,0.06072335867589,0.030102388867795815,0.020459252811295188,0.046079620695083666
20,10,0.0311868214152003,0.013484337950829902,0.012011730937227006,0.6075751903157369,0.1557094721078248,0.06340945962810433,0.028129289903906153,0.017608885560963433,0.07088481218020716
20,11,0.02468464405565651,0.032563568595720974,0.11338223395365495,0.5310713480388906,0.11378015943547638,0.062328394635964506,0.03362470321391148,0.020294199572893315,0.06827074849783131
21,0,0.02972389128913669,0.04552572831169408,0.3877877983495674,0.3847918078123438,0.051917545009273966,0.026311405311149862,0.014094205715428102,0.010712262736430578,0.04913535546497551
21,1,0.024000977761029094,0.08442355385579044,0.10709538771789558,0.6282216462032826,0.06738403092169254,0.03037170196621632,0.014676600447121971,0.006233226560470955,0.037592874566500484
21,2,0.025759146990002126,0.0754759625611572,0.007212561157200596,0.6867421825143587,0.10440597745160604,0.03754520314826633,0.015408955541374175,0.0072590938098276965,0.04019091682620719
21,3,0.007885958260091966,0.01636807567714475,0.8664121300854348,0.07770233247270161,0.014807541413335554,0.004795574394964208,0.0024021707206950513,0.001236153546051103,0.008390063429580891
21,4,0.023969303299284504,0.04280490547492982,0.15685136699715968,0.5147194789112889,0.09759862731106786,0.05675113627213891,0.033489833939067494,0.016914281906549426,0.05690106588851345
21,5,0.042969964012582525,0.05586327685913206,0.4113138166703942,0.31441210385521384,0.05410021290376924,0.03260651723707256,0.015789152654616643,0.011972569397043746,0.06097238641017523
21,6,0.018600002297714923,0.09551313718506944,0.12757200464138416,0.5907654837264341,0.056925887205174455,0.029341819560447135,0.01648036028169985,0.011356456004503522,0.05344484909757247
21,7,0.012430027517509193,0.08877182755694238,0.039943250495057994,0.7037795856085999,0.06277592517980678,0.026128775085081397,0.015773276298080632,0.009172503064644715,0.04122482919427704
21,8,0.026912354616073997,0.06948004060994283,0.0819904163180539,0.48643303823882483,0.12678371237048966,0.06256841353356107,0.03633068663211955,0.02265955441500848,0.08684178326592568
21,9,0.024239355922157462,0.07013113701471896,0.10664452237479008,0.5870974513484145,0.08343006025881655,0.044064259606835916,0.02183147288353255,0.012545688037143139,0.05001605255359083
21,10,0.02744681515728968,0.05799881290806285,0.3913967073818375,0.3993627190653213,0.05300677891974634,0.02153009902845897,0.008796976039486426,0.0036112586298459905,0.03684983286995096
21,11,0.019305608040467524,0.052095971147662706,0.45811704024874533,0.39389539701797305,0.019955316003367873,0.013670385913270617,0.00912243017296817,0.004322546855214569,0.029515304600330156
22,0,0.009020489755122438,0.020836803820312066,0.015131323227275251,0.7456827141984563,0.09570214892553723,0.03615969792881337,0.022982952967960463,0.013293353323338331,0.04119051585318452
22,1,0.007772588129230738,0.015927184194039656,0.015830408850359853,0.8829884226128324,0.04805150485659422,0.01225481457334807,0.005521288028889987,0.0032190535371388117,0.008434735217566254
22,2,0.019638455763647596,0.023598036154423636,0.016110708804751496,0.774988207625514,0.07637472512141164,0.026082739285548197,0.018057281043841057,0.010138120262288983,0.03501172593857336
22,3,0.03253773717266252,0.05013328711612898,0.2145221058539041,0.5287990954632862,0.09330098129028531,0.029314912476169255,0.010349352546485429,0.004242079113950168,0.036800448967128016
22,4,0.012484033986782918,0.025426223135447325,0.16012939412450714,0.7077803076581329,0.04788693285944355,0.014538790470372633,0.007441550508135725,0.004670405953240407,0.01964236130393736
22,5,0.019886924891631512,0.03612767144301503,0.0,0.6490197445641437,0.13339492614673035,0.05934990528652279,0.035537891201524716,0.01970388964427245,0.04697904682215947
22,6,0.01322114694311231,0.00871837578611837,0.009993395169859,0.7769692444648651,0.08826350400597306,0.03841139476782586,0.020285443528702294,0.01243431065674985,0.031703184676794074
22,7,0.01190210773637003,0.0144403093862011,0.0,0.8523212540088151,0.07250167212608688,0.022492239619955754,0.009080930902605087,0.004493302920646898,0.012768183299319145
22,8,0.010920142735723948,0.02378157068824679,0.017111089798496577,0.6972355701657202,0.11522040366826843,0.046789272993647005,0.03027346656657087,0.016786991074056557,0.041881492309269554
22,9,0.013222456560740854,0.02479596594646171,0.009717671834808842,0.7228687975346079,0.1249123803818517,0.047523028134003206,0.020429652640322624,0.011190607794517714,0.02533943917268553
22,10,0.026678146505200243,0.049956014749096896,0.1574110468489715,0.4620510228910476,0.13979199031700576,0.06020676187445798,0.032717539820689916,0.019328554226639465,0.05185892276689065
22,11,0.012280597054513384,0.01976698694357689,0.013593533456669783,0.7963688688190866,0.0743068955685081,0.03156352158719423,0.01850046748493107,0.00940274655685744,0.024216382528662463
23,0,0.0066877381292648206,0.002511370542317287,0.0,0.6206442983563705,0.15699257133818587,0.07301012040703628,0.04537671945632297,0.024331156812196657,0.0704460249583057
23,1,0.009433385627839694,0.004074896599498788,0.0,0.8793728734133371,0.05458323995028626,0.020751410932947575,0.01055398219270186,0.006682830423178012,0.014547380860210672
23,2,0.006394703430671975,0.005025359452794193,0.003184057113609019,0.7116467358429109,0.14795562261943537,0.05866907742111316,0.025326216289875497,0.01280270146307092,0.028995526366518875
23,3,0.015794294579272672,0.005838277646204501,0.007661965787280394,0.6488781429738495,0.12637911258179776,0.054017477699017186,0.03105221029352302,0.0205144285914691,0.08986408984758588
23,4,0.0077426626542147405,0.006293516040553896,0.010094055722741052,0.6597892352281435,0.14673581113344364,0.060886366917259835,0.032652993237315804,0.01855573939791012,0.05724961966841749
23,5,0.007615865175069011,0.003338660467819265,0.0,0.6592416097631847,0.14666279238704052,0.06392561383117827,0.03536248728751998,0.02375708266744152,0.06009588842074677
23,6,0.005143049130333652,0.008287459402648197,0.0,0.5978686928729572,0.16061475374529416,0.08140433095851389,0.04492342858455592,0.027555946094182986,0.07420233921151399
23,7,0.008025654656766072,0.0021821892202424846,0.0034426285733884384,0.8362543515168145,0.07575497744928232,0.03267710459074306,0.01538250475880164,0.008960266149915113,0.01732032308404644
23,8,0.010562658324128763,0.0019842188461106003,0.0,0.619393755001885,0.14566811955579953,0.07112101750742429,0.04040530976963219,0.02513343871740094,0.08573148227761868
23,9,0.009095203252785521,0.0006637707737097377,0.0027106546014751148,0.6613256274177465,0.16472629489328727,0.06638942659467069,0.035615161141932715,0.019270963579052013,0.040202897745340485
23,10,0.006207150387712961,0.0012539067617390002,0.003025595917628931,0.6962863149489392,0.1148603547121317,0.06338155571775245,0.03356228048833742,0.02185915071210675,0.05956369035365161
23,11,0.004097735636375692,0.0015316778834996519,0.0,0.5724364287371946,0.18201107316911447,0.07650432649272287,0.052806418459702284,0.029798097006265956,0.08081424261512449
24,0,0.012331219383577802,0.004496190727300482,0.003336062502601962,0.6520475708080654,0.14312873815239865,0.0683198956439683,0.03963308863324128,0.025223074894880727,0.05148415925396539
24,1,0.0081483820368918,0.0066613023151590465,0.0,0.9163670438688518,0.03810387150001528,0.011499404149563552,0.005938133409384899,0.0036158445288707363,0.009666018191262898
24,2,0.006418860552580169,0.0,0.0,0.8481401251877151,0.07981713556686645,0.03375549855808205,0.01666511621725783,0.007415578029688891,0.00778768588780948
24,3,0.007918234633920909,0.005083514887436456,0.009436687132765563,0.8149798639994719,0.08046147752030106,0.031136528685548292,0.0181306529345745,0.009812174027860303,0.02304086617812108
24,4,8.328498177446982e-05,0.0024735639587017536,0.0,0.7822236534900572,0.09200214320019766,0.04811095780505207,0.02881105136184826,0.017190020238250572,0.029105324964118055
24,5,0.0010603622081098826,0.0009122020091685018,0.0013218213827123195,0.6995194961391196,0.1239490793731952,0.06338932433139079,0.04007297616073348,0.023043268588294762,0.046731469807275536
24,6,0.0020183923490584184,0.0024576726184836503,0.001963841204489272,0.7215278914259956,0.12164905238919657,0.056710221448935824,0.03524003939166861,0.021986982374238077,0.03644590679793395
24,7,0.0027091674454094187,0.0,0.0,0.8175770097992987,0.09323479736970705,0.039402954364245846,0.01817542716540496,0.011754014454608585,0.017146629401325435
24,8,0.006324382611917095,0.0,0.01514941023147505,0.7882059525935923,0.09061199648057369,0.041240796237124656,0.023637049238890984,0.01319784865143787,0.02163256395498839
24,9,0.0007964757491657071,0.0007069494052672361,0.0,0.7844051283159478,0.11409360751033412,0.04857884646849445,0.024937717448684425,0.010415927045291068,0.01606534805681527
24,10,0.006801235453779677,0.0032071880947181232,0.006819954450441456,0.770960596512027,0.08926465541446979,0.040058652856206904,0.023848001747106357,0.01744610488877796,0.04159361058247278
24,11,0.010286783042394014,0.010644930227622433,0.0,0.774791744044145,0.07330079057674961,0.037711572133496046,0.025998832705470366,0.018663447763569797,0.04860189950655277
25,0,0.0038857263393959917,0.008740108744827127,0.002231517126338841,0.5968420146935965,0.1835894674612052,0.08251062329826003,0.04271523454521736,0.025101792152498106,0.05438351563866076
25,1,0.0058481021685863185,0.001299012241280062,0.0,0.8310621844801149,0.08558198295492173,0.03520068465586364,0.015649276883185688,0.008211795031150822,0.017146961584896817
25,2,0.0033300763724102176,0.004918675679807507,0.0,0.7089273963588506,0.14386461677534282,0.05558103518182483,0.0264279114904252,0.011658590732949146,0.04529169740838967
25,3,0.004047614135704413,0.008144740370928145,0.0,0.9019289088771069,0.043100282631568086,0.014267736678150723,0.010249004600499247,0.007327790728859365,0.010933921977183174
25,4,0.007591886812878727,0.01807618534751966,0.029490385923226177,0.73955803282693,0.08902077151335312,0.041209927467640795,0.02629263323275587,0.01428440568156268,0.03447577119413301
25,5,0.006940671638538886,0.007954608181799694,0.00314930433494188,0.7059032024706351,0.12836029900959608,0.05897101419801687,0.031312917086719176,0.019569846863624084,0.037838136216128276
25,6,0.008685690002699024,0.010006489143605322,0.00453665791876511,0.7195656293607906,0.11568477692851031,0.05192463405249889,0.028896788161045614,0.018313167218913844,0.04238616721317124
25,7,0.00550001714736445,0.002083404780685209,0.006974690490071676,0.8055317397715971,0.10164100277787304,0.035795123289550396,0.0151839912205494,0.008693713776192599,0.018596316746116122
25,8,0.0035188094253823894,0.007451012815212898,0.015642827614716824,0.6740570483670938,0.13096982224059528,0.06051426209177346,0.03121289789169078,0.019743695742042166,0.05688962381149235
25,9,0.003991553835040471,0.005004105774633104,0.003451320330684646,0.6635363993899992,0.16825032259657832,0.06335241129365858,0.03121623540597776,0.021232720245482103,0.039964931127945816
25,10,0.008721419882092392,0.006980879004335756,0.01337533921831623,0.8001497239464737,0.07481206525468667,0.03589631616706697,0.020075485823013817,0.011166911007829315,0.02882185969618516
25,11,0.00043107736180654575,0.0033557714626786484,0.0,0.713625360612793,0.1345226647212919,0.06727459627947077,0.027509367642670028,0.015492257187386014,0.03778890473190304
26,0,0.0063267159580336196,0.008170963410353416,0.0,0.6675451450603699,0.10482680232007444,0.05396234615020309,0.04001069774957237,0.028064877393760762,0.09109245195763245
26,1,0.004509967793224347,0.0015950507562477068,0.0,0.9074055199967386,0.05517958335032003,0.014493049043988748,0.007919197684373599,0.003903542745321864,0.004994088629785153
26,2,0.0025523429710867396,0.0,0.0,0.7742771684945164,0.09797274842140245,0.04473246925889,0.021149883682286475,0.011046859421734796,0.048268527750083084
26,3,0.011579841916800053,0.007924786719691095,0.008267190310390918,0.700656754839029,0.11442055411626871,0.05191333476345275,0.031897163413145,0.017854490849985975,0.05548588307123645
26,4,0.008635861448692822,0.00891900444701062,0.03973995258742734,0.6043881612915762,0.12034687793205678,0.06632208348832173,0.04572481831657608,0.028641857418068965,0.07728138307026942
26,5,0.014845227821508582,0.007610031643086901,0.007453123774157274,0.6434849818829526,0.12384679980589916,0.06594198476831391,0.0413190721514684,0.025285412507881716,0.07021336564473153
26,6,0.009076056839487881,0.007964878732280729,0.002877003781451078,0.6601431610863704,0.1262378725102576,0.06787087363866326,0.03504661492653878,0.02369939043123473,0.06708414805371556
26,7,0.008641800582410182,0.005446693171047609,0.0,0.8143792699715657,0.06435675411396884,0.030913200296780446,0.021683843049461977,0.014007007792631096,0.04057143102213416
26,8,0.014191760710778397,0.005743496820741397,0.014290957547060633,0.5006265933491828,0.13992705725972046,0.06656107714537958,0.04917517830631322,0.041186526424383904,0.16829735243643962
26,9,0.004232043141528042,0.0039387943461632255,0.001413767876600907,0.49961568973660087,0.1759739718542893,0.10114922659488759,0.05950789765308359,0.038498936587263125,0.11566967220958337
26,10,0.018524295590107067,0.013158551498664803,0.024545159599690534,0.5849160198657316,0.12757992463001322,0.06612343707105243,0.04694402156280416,0.03195737353065961,0.08625121665127655
26,11,0.0022417658216933953,0.0040457903882632285,0.007308952471911603,0.5908047806651014,0.13825991218645126,0.0649050897369573,0.03814981362834441,0.03121227797896189,0.12307161712231551
27,0,0.017333144537269175,0.018779655558239423,0.02084530661313743,0.5428053429286157,0.16032117542208416,0.08284260238715965,0.05118594468830603,0.030934790394722595,0.07495203747046592
27,1,0.012433175500229113,0.02138893131714271,0.03933099129372231,0.7617331093121531,0.08510768290820223,0.036770021892978975,0.016231352782444884,0.006873377119291278,0.020131357873835343
27,2,0.015967347372899385,0.021577855775366944,0.07237821740055307,0.7596920867900446,0.07796213571580515,0.023239736226334823,0.008096681557115508,0.0038289725590299937,0.017256966602850456
27,3,0.026917617153326842,0.020554445966690326,0.01238796362015747,0.7011207764554412,0.10009408579964676,0.054058069095290755,0.02490797748543321,0.01661357146394203,0.04334549296007131
27,4,0.010363945795425204,0.009719843083253053,0.007254484426318259,0.7150539574836684,0.11455033579406482,0.05539838585639286,0.028257230191759374,0.01684661748905442,0.042555199880063635
27,5,0.016293089673005128,0.01527912956318366,0.007530614913058005,0.6862272839524107,0.12967649152370023,0.05965223201964003,0.029669228199131308,0.01460218771336016,0.041069742442510784
27,6,0.014505739402137235,0.022828375075745175,0.027865608675299462,0.699664280155195,0.11849273564287909,0.04665615567751366,0.02380767761704963,0.01386531574609356,0.03231411200808714
27,7,0.010920717647159671,0.014482380270703503,0.007127611243024541,0.8367978467156413,0.06704154844461208,0.024095869157116038,0.012660831997531267,0.007149041222708921,0.01972415330150267
27,8,0.01863234919700692,0.00998574881543228,0.006295650908802339,0.6419381611012098,0.14032291663222354,0.061785994160651524,0.035551911014413205,0.02358885167195162,0.061898416498308705
27,9,0.011840968020743302,0.03091122360785282,0.015792073095443882,0.6560192616372391,0.1599888875169774,0.05321027287319422,0.023441165575997038,0.01564390665514261,0.03315224101740956
27,10,0.03173266987173491,0.032942364891408046,0.05558985103291742,0.4944410148967083,0.16176241340391967,0.07471425631816227,0.04755223824756346,0.028047464940668825,0.07321772639691715
27,11,0.009857801054062117,0.01335145347873645,0.008459014219894593,0.62571513805562,0.15454274255029998,0.06633299081838974,0.039311876429447445,0.025933905664755213,0.05649507772879446
28,0,0.019693308214978344,0.01919112608100947,0.013339733149847264,0.5049066801321765,0.172023738510156,0.08524888534987668,0.05536211216140855,0.0342316197177237,0.09600279668282342
28,1,0.020210202512176364,0.03263265829274545,0.019958984875672905,0.763947705716483,0.0797641630351192,0.024065624198923354,0.018631120225583185,0.009351448346577801,0.03143809279671879
28,2,0.02936080605608274,0.03204632690052244,0.0249960017059388,0.6828286597718307,0.12129491416995415,0.0367443224224331,0.020764473824501545,0.010488858087216122,0.041475637061520416
28,3,0.028380317701202515,0.02651221483595335,0.011955033568117711,0.673267571713706,0.14113455289246657,0.045057156524751334,0.025501872226712633,0.011373571086881216,0.036817709450208666
28,4,0.0178861021015684,0.014653774381303594,0.005364997556315813,0.6926956058115253,0.11307037810458968,0.059409294886035455,0.031073665970586927,0.018460923268316522,0.0473852579197583
28,5,0.013477073284128553,0.018652292671587144,0.009423490439937236,0.6139013192305457,0.14759690823502064,0.07939210786307897,0.04023362584994479,0.022438542453652583,0.054884639972104375
28,6,0.015963145181904607,0.0200070653719229,0.004431654015055561,0.6141474020397671,0.15974059171053803,0.07419789360009421,0.03905484853967953,0.023040005514436624,0.04941739402660141
28,7,0.006507034284097631,0.010725032792366451,0.006875680495186167,0.7870167948355238,0.10225217115471996,0.03441269514672977,0.014831580120538737,0.00960194782370138,0.027777063347136133
28,8,0.009032897999669366,0.017635972888080675,0.008993222020168622,0.5641990411638287,0.15301041494461895,0.08632831873036866,0.05417755000826583,0.03175400892709539,0.07486857331790378
28,9,0.016537676698762376,0.019559962584162482,0.012181757000805737,0.6804557817039024,0.13476493160496036,0.05369728364724151,0.029481951180358536,0.014077245799207846,0.03924340978059872
28,10,0.02403312505456405,0.047130866414736655,0.04080767264065053,0.4861875007794864,0.17975580249685089,0.08170264775944426,0.0408326162058343,0.02816128509247827,0.07138848355595465
28,11,0.010154203283037639,0.012807162991212071,0.004423810313380866,0.42895705521472394,0.1886917592439065,0.11618637041949925,0.07071464102138948,0.04770021555297629,0.12036478195987399
29,0,0.00649664340090953,0.004208936493922584,0.007412836701037797,0.697195337964274,0.11968816111675634,0.05697056520797588,0.03558716885164887,0.022216299356443616,0.050224050907031366
29,1,0.011008211585875257,0.009836583328239298,0.0,0.8900095767874971,0.051133932391955496,0.019459217148562462,0.0072131548383153,0.0025775821667991116,0.008761741752755873
29,2,0.018627431434704307,0.0045322540986330135,0.0,0.8584700651926872,0.07361922420037614,0.016587252536932554,0.007097430172052872,0.005382882433860324,0.015683459930753537
29,3,0.019190944118544922,0.017223171043621033,0.09149526001831638,0.6065608937072515,0.1221009380955917,0.05494088430154369,0.026269976815755387,0.013786787455756046,0.04843114444361938
29,4,0.014022609410223095,0.010760569010893827,0.00799824543869585,0.812184206727299,0.062225849796226584,0.027556606811695594,0.014352977757048784,0.010349690730808098,0.04054924431710919
29,5,0.0106825563761236,0.0054008355461555,0.0,0.7242523372631505,0.12844633736773908,0.05635578694154082,0.03162059929228427,0.016368105146336787,0.02687344206666938
29,6,0.005536046034175322,0.0013265836451187751,0.001725707295922909,0.7941641805187459,0.1030830148479741,0.04344417868105426,0.01808977697889239,0.010417414425305013,0.02221309757281135
29,7,0.004158039805729522,0.0012216921078689832,0.0,0.8546872253871907,0.07632789358847408,0.02889194669135771,0.014017309448180965,0.0053840185525734835,0.01531187441862459
29,8,0.015330839922353727,0.002992754557750242,0.0,0.6938097930865716,0.10457114323224107,0.06068181893338889,0.032348204512610904,0.02571454081885733,0.06455090493622621
29,9,0.010821555451983591,0.0014043946750292454,0.0,0.805918829074365,0.11197501103452959,0.03824274730464253,0.013235262344011877,0.006333665655296729,0.012068534460141427
29,10,0.007942796887771338,0.0032569834842235963,0.006226953098189941,0.6740333560032694,0.139850627998827,0.06577609174460756,0.03213307460488797,0.02636783947189448,0.044412276706328656
29,11,0.023554390737484658,0.00948147165179312,0.003304249742892214,0.6748100719901802,0.1492353116809873,0.058375078791095776,0.02862356102577713,0.017052051886010017,0.03556381249377965
31,0,0.03337265296493151,0.03025298713554171,0.04724184348936288,0.4637755172844475,0.140873450922161,0.08328175522835454,0.0535727667605712,0.03473820064114129,0.1128908255734884
31,1,0.018670158828834795,0.01765614092301107,0.00851978863586566,0.7974970573098462,0.0768003913395737,0.034996356669333345,0.015786067699708025,0.010028076576186375,0.020045962017640855
31,2,0.02633170504768551,0.027228923669956467,0.0058618283321702725,0.7231050410394444,0.12162296879673014,0.04285381982520852,0.015804339879706242,0.00842720898547835,0.02876416442362011
31,3,0.05157751474409205,0.02651874458695921,0.02580113003670557,0.5475069080711016,0.14786159112467523,0.06327380706891574,0.036656081164680165,0.02375551614632738,0.07704870705654308
31,4,0.04196460294901404,0.0278746224906733,0.025509637591046366,0.5406155622668325,0.1256828477527092,0.07395851838692485,0.044962471131639724,0.02846309291170723,0.09096864451945283
31,5,0.036117591347117596,0.033953208661017,0.0174196491085358,0.6557004610570903,0.12082775290593796,0.053391979872693625,0.026809293191055433,0.014125139087008184,0.041654924769544084
31,6,0.034657302983669064,0.03718676068631279,0.044976112272320096,0.6424305762914303,0.10922318947102465,0.05022739279233755,0.024140386338057283,0.013212899372947149,0.04394537979190114
31,7,0.02698323511348639,0.017413877963473542,0.04470636403629125,0.7211035468036082,0.08591949892633294,0.035420123961722574,0.01976592751331739,0.009887319403973222,0.038800106277794476
31,8,0.02914108906795506,0.018396015685755416,0.015381306153515231,0.6353260419941427,0.12076707976901567,0.06150536922746,0.03372768337276834,0.020318678954944817,0.06543673577444281
31,9,0.048115598442964785,0.025355843049368883,0.032245816471111195,0.4374454003562289,0.20736597427372827,0.10099120540578918,0.043790843620446426,0.023861780712396086,0.08082753766796626
31,10,0.03005641819361925,0.03518647960457337,0.016039243097508614,0.5062783963253282,0.17155125068650456,0.0857132158370363,0.048317439712417,0.02737280942633182,0.07948474711668081
31,11,0.047801629209011064,0.05103218616499058,0.21421843075861702,0.32346697800302493,0.12536153050123386,0.07070077214954759,0.04221614880462759,0.02679969220155491,0.09840263220739247
32,0,0.013193615544760583,0.009968077723802914,0.0011214434420541292,0.795941707147814,0.0808438584316447,0.036546842470506595,0.019425399028452462,0.01161970853573907,0.03133934767522554
32,1,0.015475632376021687,0.005105888587676566,0.004835816636432197,0.889698538554045,0.040908257067732004,0.015501110861988137,0.008621919651046656,0.004524979107641508,0.015327857157416278
32,2,0.021561550783301096,0.012322785188730036,0.018005623018484178,0.8687497092115145,0.036516387177390947,0.010980173210238413,0.005676191235801213,0.0026586375811715286,0.02352894259336803
32,3,0.0031644916803162016,0.0,0.0,0.9031715055471435,0.0401275698601765,0.0189291888256724,0.010207239135726574,0.009142781699583706,0.015257223251381112
32,4,0.005202405210178281,0.004827632156083261,0.003261913618975176,0.9205092471780977,0.035539589914995916,0.013480725560632728,0.0057465201627903105,0.0037088651871922,0.007723101011054417
32,5,0.015381084896617032,0.013922859284133227,0.0011619327589512396,0.7947910554416215,0.08466423048098207,0.033312612199132036,0.01802738675512848,0.00950460996822114,0.029234228215213185
32,6,0.0118325861380679,0.007346542558538273,0.0012378263654143845,0.8307854022648489,0.07275317282755729,0.027513634757934582,0.014003808254664825,0.008104747107191168,0.026422279725782687
32,7,0.005662892833718433,0.006515970558101452,0.0,0.8798789401259468,0.04903267844971343,0.02105687327723311,0.013049088407145276,0.006155877448311635,0.018647678899829812
32,8,0.052480313267914844,0.03654241122366972,0.13198792172270896,0.5538148107725533,0.0746194118950526,0.03770988983367564,0.022099410969007246,0.016781264779518523,0.07396456553589914
32,9,0.010555433779240465,0.006014034806072076,0.0,0.8561725669864066,0.07047040989907659,0.025383672574704624,0.01084872603107663,0.0054397994498454815,0.015115356473577455
32,10,0.003089328398729319,0.009536351097491715,0.0,0.8274906540014604,0.08185784096511868,0.03322744322188867,0.018947880845539822,0.00833806614283307,0.01751243532693832
32,11,0.0009684073678555083,0.001319952508241412,0.0,0.8995045203398712,0.0524266564077393,0.017948700941212366,0.010148378580951559,0.0059829003137374555,0.01170048354039121
33,0,0.005457593994981012,0.011739656665704324,0.002984187967754114,0.5885262830620267,0.1673754691421084,0.08059250705101156,0.04517644184858647,0.02386239978680406,0.07428546048102334
33,1,0.005875320588145136,0.02511571827071434,0.002309256439862262,0.6940950473601929,0.12213514259147619,0.051151051937834,0.03232959015807167,0.020221320772068216,0.04676755188163528
33,2,0.011091951344549563,0.011205134521534764,0.11639225294442707,0.4391773580383358,0.19519437546188723,0.08090599804259682,0.04167804046631469,0.026245181392685703,0.07810970778766836
33,3,0.002805593032227187,0.009101673866313493,0.0017699991335668576,0.55281735176773,0.16821180577044473,0.08242667293799227,0.04625102631068642,0.036918303606424806,0.09969757357461434
33,4,0.020320903126570436,0.04012260842766353,0.03826238092461636,0.7097073334610504,0.07691901902152033,0.041752389837049625,0.019679541106863128,0.008929092014626386,0.04430673208003976
33,5,0.005070640266404756,0.0159122212600759,0.003908315850036904,0.6455142994961324,0.1343007746892235,0.06742643939349911,0.04304087313810157,0.025059714416890897,0.05976672148963497
33,6,0.006988750236882455,0.010040944773368095,0.002569815719806819,0.6754222250297179,0.12586641552340974,0.060130816540999325,0.03729821921820176,0.023762899326392438,0.0579199136312214
33,7,0.009075826234582456,0.022061502977402607,0.0,0.7660306014396138,0.10329379182618313,0.04179938865714641,0.02140128699245896,0.010014704810573745,0.02632289706203887
33,8,0.01573508689525599,0.01811337730469241,0.01068080630329653,0.48211485918800734,0.15951415397032265,0.09385481512844092,0.06201417050919892,0.035757050522959265,0.122215680177826
33,9,0.005130453035672392,0.02016990381172287,0.006957906824552089,0.660371417634929,0.15961821033005297,0.06349167150283379,0.030152987516514997,0.019990862731055603,0.03411658661266623
33,10,0.05391235964873957,0.052270897436697605,0.06042827808741567,0.5273649850520836,0.11160694781648078,0.060028834811481496,0.029221772155058886,0.0171261304556774,0.08803979453636494
33,11,0.0404109407332732,0.028121186395712844,0.05838462354751419,0.41295696927893033,0.15011672945296334,0.08604817742876851,0.059876903485965936,0.03858704303072107,0.12549742664615057
34,0,0.007181184020963394,0.0052547280060625074,0.00473286384064267,0.6555502197103654,0.15492703617240394,0.06956893464761678,0.03424872379228696,0.022329124184240257,0.04620718562541812
34,1,0.007045374658047163,0.007340842286511903,0.00262354876998864,0.8717823320546717,0.06964885200637802,0.018889551143918205,0.007957248890722825,0.0035558000804894576,0.01115645010927208
34,2,0.003981177471453828,0.006227651570537958,0.0,0.7152826702468463,0.16314187347964215,0.05940528253731939,0.02423267622858206,0.011538103656834466,0.016190564808783846
34,3,0.015436479772888574,0.02585538151748725,0.06272385165134435,0.6655470645518016,0.11442223579315695,0.04472081469622196,0.020961592420816348,0.01319590011058478,0.03713667948569825
34,4,0.011611538237278535,0.012691616758154037,0.011006250017353447,0.6174384091470712,0.148973092439728,0.07224031608261906,0.043697366996243325,0.02769887744024167,0.054642532881310754
34,5,0.018545528502527747,0.017127665756290312,0.010750188854669069,0.6511825207740136,0.15674937532686384,0.054332035562786915,0.03007728514149573,0.01783950258585624,0.04339589749549654
34,6,0.008794824749549922,0.008751755088680431,0.001315060311881771,0.7250289284555507,0.13026562495513577,0.05148260129266409,0.023935246200538083,0.014867646932148057,0.0355583120138512
34,7,0.0031783886727546466,0.009385039697688483,0.0,0.8162496729390873,0.09148269043523766,0.033250835345740914,0.015235676876686241,0.008956107353187182,0.022261588679617562
34,8,0.026769736602727582,0.02102084222294993,0.021603008742421086,0.5860498347771724,0.14116876544312465,0.06945643509008696,0.03743727651917345,0.02283680483198211,0.07365729577036177
34,9,0.014096987023732707,0.022392782935421227,0.002741595373866545,0.6292393616528609,0.20873790903954628,0.06288380019697498,0.021988335870132356,0.011460362643910602,0.02645886526355438
34,10,0.007824171372141898,0.016572557162028715,0.014952016813106121,0.5613273238295394,0.14550679867318259,0.07852024409389005,0.04503329703998177,0.03166383916137037,0.09859975185475907
34,11,0.0009483450384311853,0.008369310758742348,0.0,0.5427716875899435,0.17222741711928588,0.10710330329135415,0.06686164110114133,0.03616974713009569,0.06554854797100584
